Customer_Type,Unit_Price,Quantity,Discount,Total_Price,Cluster
B2B,1.8699999999999999,74.0,0.1,124.54,1
B2B,1.8699999999999999,18.0,0.05,31.98,1
B2B,12.04,71.0,0.15,726.61,1
B2B,64.91,91.0,0.1,5316.130000000001,1
B2C,1.64,4.0,0.0,6.56,0
B2B,8.62,47.0,0.05,384.88,1
B2C,1.74,5.0,0.0,8.7,0
B2C,1.8,15.0,0.0,27.0,0
B2B,30.22,57.0,0.1,1550.29,1
B2B,0.98,6.0,0.05,5.59,1
B2B,1.28,31.0,0.05,37.7,1
B2B,1.3,76.0,0.1,88.92,1
B2C,1.26,3.0,0.0,3.78,0
B2C,3.46,14.000000000000002,0.0,48.44,0
B2C,3.33,12.0,0.0,39.96000000000001,0
B2C,1.59,3.0,0.0,4.77,0
B2C,1.27,7.000000000000001,0.0,8.89,0
B2B,2.98,41.0,0.05,116.07,1
B2C,3.31,8.0,0.0,26.48,0
B2C,2.9300000000000006,7.000000000000001,0.0,20.51,0
B2B,11.83,28.000000000000004,0.05,314.68,1
B2B,1.7599999999999998,17.0,0.1,26.93,1
B2C,0.93,8.0,0.0,7.440000000000001,0
B2C,37.69,3.0,0.0,113.07,0
B2C,12.96,5.0,0.0,64.8,0
B2B,0.57,5.0,0.1,2.56,1
B2C,2.11,3.0,0.0,6.329999999999999,0
B2C,0.55,3.0,0.0,1.65,0
B2C,2.35,1.0,0.0,2.35,0
B2C,3.23,12.0,0.0,38.76,0
B2B,1.4299999999999997,30.0,0.1,38.61,1
B2B,10.51,89.0,0.1,841.85,1
B2C,2.19,14.000000000000002,0.0,30.659999999999997,0
B2B,0.52,31.0,0.1,14.51,1
B2C,0.59,8.0,0.0,4.72,0
B2B,2.91,55.0,0.05,152.05,1
B2C,1.19,9.0,0.0,10.710000000000003,0
B2C,0.99,6.0,0.0,5.9399999999999995,0
B2B,0.95,47.0,0.1,40.18,1
B2C,3.23,3.0,0.0,9.69,0
B2C,1.16,4.0,0.0,4.64,0
B2C,1.4199999999999997,14.000000000000002,0.0,19.88,0
B2C,1.59,3.0,0.0,4.77,0
B2B,1.02,71.0,0.1,65.18,1
B2C,3.12,3.0,0.0,9.36,0
B2C,1.53,15.0,0.0,22.95,0
B2B,1.16,84.0,0.15,82.82,1
B2C,3.46,12.0,0.0,41.519999999999996,0
B2B,2.2,60.0,0.1,118.8,1
B2C,3.31,4.0,0.0,13.24,0
B2C,0.46,15.0,0.0,6.8999999999999995,0
B2B,1.64,64.0,0.05,99.71,1
B2C,0.55,7.000000000000001,0.0,3.8500000000000005,0
B2C,1.09,6.0,0.0,6.54,0
B2C,2.27,5.0,0.0,11.35,0
B2B,0.89,34.0,0.05,28.75,1
B2C,0.46,1.0,0.0,0.46,0
B2C,1.04,10.0,0.0,10.4,0
B2C,13.84,8.0,0.0,110.72,0
B2B,1.31,21.0,0.05,26.13,1
B2C,2.28,4.0,0.0,9.12,0
B2C,1.64,6.0,0.0,9.84,0
B2C,0.46,1.0,0.0,0.46,0
B2B,0.99,51.00000000000001,0.05,47.97,1
B2C,0.58,10.0,0.0,5.8,0
B2C,3.12,8.0,0.0,24.96,0
B2B,0.8,35.0,0.1,25.2,1
B2C,4.19,1.0,0.0,4.19,0
B2C,4.88,8.0,0.0,39.04,0
B2B,33.58,9.0,0.1,272.0,1
B2C,3.31,8.0,0.0,26.48,0
B2C,36.59,9.0,0.0,329.31,0
B2C,1.12,14.000000000000002,0.0,15.68,0
B2C,0.58,13.0,0.0,7.54,0
B2B,0.66,11.0,0.05,6.8999999999999995,1
B2C,1.9199999999999997,11.0,0.0,21.12,0
B2C,1.01,12.0,0.0,12.12,0
B2C,0.93,10.0,0.0,9.3,0
B2C,1.31,6.0,0.0,7.86,0
B2C,3.43,13.0,0.0,44.59,0
B2B,1.13,100.0,0.1,101.7,1
B2C,106.01,8.0,0.0,848.08,0
B2C,3.31,2.0,0.0,6.62,0
B2C,1.7099999999999997,13.0,0.0,22.23,0
B2C,3.46,9.0,0.0,31.14,0
B2C,1.23,1.0,0.0,1.23,0
B2C,0.46,5.0,0.0,2.3,0
B2B,2.33,48.0,0.05,106.25,1
B2B,2.38,60.0,0.05,135.66,1
B2C,1.4099999999999997,8.0,0.0,11.28,0
B2B,0.56,16.0,0.05,8.51,1
B2C,1.8,11.0,0.0,19.8,0
B2B,1.79,28.000000000000004,0.05,47.61,1
B2B,2.09,81.0,0.1,152.36,1
B2C,1.59,8.0,0.0,12.72,0
B2C,0.56,3.0,0.0,1.6799999999999997,0
B2B,2.9300000000000006,96.0,0.15,239.09,1
B2B,1.6099999999999999,38.0,0.1,55.06,1
B2C,0.58,8.0,0.0,4.64,0
B2B,0.86,70.0,0.1,54.18,1
B2C,0.57,7.000000000000001,0.0,3.99,0
B2C,1.31,11.0,0.0,14.41,0
B2B,2.07,34.0,0.1,63.34,1
B2C,1.2,13.0,0.0,15.6,0
B2C,1.26,15.0,0.0,18.9,0
B2B,1.27,42.0,0.1,48.01,1
B2B,0.83,9.0,0.05,7.1,1
B2C,1.53,6.0,0.0,9.18,0
B2C,0.59,10.0,0.0,5.9,0
B2C,2.05,13.0,0.0,26.65,0
B2C,1.59,8.0,0.0,12.72,0
B2C,2.19,3.0,0.0,6.57,0
B2C,1.23,7.000000000000001,0.0,8.61,0
B2C,2.38,13.0,0.0,30.94,0
B2B,1.2,97.0,0.1,104.76,1
B2C,1.99,6.0,0.0,11.939999999999998,0
B2C,5.03,15.0,0.0,75.45,0
B2C,1.3799999999999997,12.0,0.0,16.56,0
B2B,1.39,82.0,0.1,102.58000000000001,1
B2C,0.62,1.0,0.0,0.6199999999999999,0
B2B,0.98,88.0,0.1,77.62,1
B2B,0.88,48.0,0.15,35.9,1
B2B,2.61,97.0,0.1,227.85,1
B2B,3.64,72.0,0.05,248.98,1
B2B,1.3499999999999999,94.0,0.15,107.86,1
B2C,1.05,11.0,0.0,11.55,0
B2C,2.35,6.0,0.0,14.1,0
B2B,1.1,66.0,0.1,65.34,1
B2C,3.21,9.0,0.0,28.89,0
B2C,0.53,8.0,0.0,4.24,0
B2B,1.19,49.0,0.05,55.39,1
B2C,1.24,7.000000000000001,0.0,8.68,0
B2B,1.58,47.0,0.05,70.55,1
B2B,11.82,92.0,0.1,978.7,1
B2C,1.53,3.0,0.0,4.59,0
B2C,3.67,14.000000000000002,0.0,51.38,0
B2C,1.8,11.0,0.0,19.8,0
B2C,1.59,12.0,0.0,19.08,0
B2B,2.35,54.0,0.05,120.55999999999999,1
B2C,1.05,13.0,0.0,13.65,0
B2B,42.3,90.0,0.1,3426.3,1
B2C,36.59,12.0,0.0,439.08,0
B2C,1.59,5.0,0.0,7.95,0
B2B,1.8699999999999999,96.0,0.15,152.59,1
B2B,2.36,43.0,0.05,96.41,1
B2C,3.56,12.0,0.0,42.72,0
B2C,1.09,8.0,0.0,8.72,0
B2C,4.88,12.0,0.0,58.56,0
B2C,1.07,4.0,0.0,4.28,0
B2C,1.64,6.0,0.0,9.84,0
B2B,2.75,54.0,0.1,133.65,1
B2C,0.47,2.0,0.0,0.94,0
B2C,3.23,15.0,0.0,48.45,0
B2C,0.99,2.0,0.0,1.98,0
B2B,3.16,82.0,0.15,220.25,1
B2B,1.58,98.99999999999999,0.1,140.78,1
B2B,0.79,82.0,0.1,58.3,1
B2B,1.9799999999999998,36.0,0.05,67.72,1
B2B,2.38,63.00000000000001,0.05,142.44,1
B2C,51.76,2.0,0.0,103.52,0
B2C,1.02,11.0,0.0,11.22,0
B2C,2.19,8.0,0.0,17.52,0
B2C,0.53,11.0,0.0,5.83,0
B2C,4.48,7.000000000000001,0.0,31.36,0
B2C,1.59,6.0,0.0,9.54,0
B2B,0.48,41.0,0.05,18.7,1
B2C,4.19,15.0,0.0,62.85,0
B2C,0.56,4.0,0.0,2.24,0
B2C,1.01,8.0,0.0,8.08,0
B2C,1.05,5.0,0.0,5.25,0
B2C,2.12,3.0,0.0,6.36,0
B2C,8.83,4.0,0.0,35.32,0
B2C,0.96,5.0,0.0,4.8,0
B2C,1.21,9.0,0.0,10.89,0
B2C,1.69,1.0,0.0,1.69,0
B2C,3.46,2.0,0.0,6.92,0
B2B,19.69,30.0,0.1,531.63,1
B2C,0.89,10.0,0.0,8.9,0
B2C,2.19,1.0,0.0,2.19,0
B2B,4.1,56.00000000000001,0.05,218.12,1
B2C,1.8,7.000000000000001,0.0,12.6,0
B2C,13.44,5.0,0.0,67.2,0
B2C,0.86,10.0,0.0,8.6,0
B2B,1.8899999999999997,98.0,0.1,166.7,1
B2B,2.29,97.0,0.1,199.92000000000002,1
B2C,0.55,14.000000000000002,0.0,7.700000000000001,0
B2B,1.13,10.0,0.05,10.73,1
B2C,2.12,13.0,0.0,27.56,0
B2B,1.4699999999999998,63.00000000000001,0.1,83.35,1
B2C,1.4099999999999997,14.000000000000002,0.0,19.74,0
B2C,60.58,4.0,0.0,242.32,0
B2B,2.18,65.0,0.1,127.53,1
B2B,1.08,89.0,0.1,86.51,1
B2C,2.34,13.0,0.0,30.42,0
B2B,87.61,64.0,0.05,5326.6900000000005,1
B2B,0.41,13.0,0.05,5.06,1
B2C,0.96,12.0,0.0,11.520000000000001,0
B2C,13.44,14.000000000000002,0.0,188.16,0
B2C,1.37,11.0,0.0,15.069999999999999,0
B2C,1.6099999999999999,3.0,0.0,4.83,0
B2C,3.46,4.0,0.0,13.84,0
B2C,1.1,5.0,0.0,5.500000000000001,0
B2B,1.91,27.0,0.1,46.41,1
B2C,0.58,6.0,0.0,3.48,0
B2C,1.27,3.0,0.0,3.81,0
B2C,109.19,10.0,0.0,1091.9,0
B2B,2.27,48.0,0.1,98.06,1
B2C,1.69,5.0,0.0,8.45,0
B2C,1.1,5.0,0.0,5.500000000000001,0
B2B,0.4,24.0,0.05,9.12,1
B2B,2.19,23.0,0.05,47.85,1
B2C,2.13,6.0,0.0,12.78,0
B2B,4.32,75.0,0.1,291.6,1
B2C,1.6799999999999997,11.0,0.0,18.48,0
B2C,3.31,6.0,0.0,19.86,0
B2B,2.16,61.0,0.05,125.17,1
B2C,2.9300000000000006,8.0,0.0,23.440000000000005,0
B2B,3.57,47.0,0.1,151.01,1
B2B,1.21,16.0,0.05,18.39,1
B2C,3.21,9.0,0.0,28.89,0
B2C,3.21,6.0,0.0,19.26,0
B2C,1.99,11.0,0.0,21.89,0
B2C,4.35,4.0,0.0,17.4,0
B2B,3.02,24.0,0.05,68.86,1
B2B,9.81,90.0,0.1,794.61,1
B2B,1.8599999999999999,27.0,0.05,47.71,1
B2C,2.05,7.000000000000001,0.0,14.35,0
B2C,4.88,15.0,0.0,73.2,0
B2C,3.11,1.0,0.0,3.11,0
B2C,3.31,11.0,0.0,36.41,0
B2C,0.61,9.0,0.0,5.49,0
B2B,4.52,98.99999999999999,0.1,402.73,1
B2C,0.96,11.0,0.0,10.56,0
B2C,1.7099999999999997,8.0,0.0,13.68,0
B2C,3.56,2.0,0.0,7.12,0
B2C,1.53,1.0,0.0,1.5300000000000002,0
B2C,1.9399999999999997,15.0,0.0,29.099999999999998,0
B2C,0.56,10.0,0.0,5.6,0
B2C,106.01,10.0,0.0,1060.1,0
B2B,3.08,100.0,0.05,292.6,1
B2C,0.56,4.0,0.0,2.24,0
B2C,1.8,7.000000000000001,0.0,12.6,0
B2C,2.9300000000000006,13.0,0.0,38.09,0
B2B,2.16,38.0,0.05,77.98,1
B2C,2.13,6.0,0.0,12.78,0
B2C,2.28,6.0,0.0,13.68,0
B2C,2.27,6.0,0.0,13.62,0
B2C,1.05,5.0,0.0,5.25,0
B2C,1.6099999999999999,6.0,0.0,9.66,0
B2C,1.23,3.0,0.0,3.69,0
B2C,2.05,15.0,0.0,30.75,0
B2B,1.69,66.0,0.1,100.39000000000001,1
B2C,1.99,7.000000000000001,0.0,13.930000000000001,0
B2C,3.56,9.0,0.0,32.04,0
B2C,0.96,1.0,0.0,0.9599999999999999,0
B2C,3.23,3.0,0.0,9.69,0
B2B,1.26,51.00000000000001,0.05,61.04999999999999,1
B2B,11.63,28.999999999999996,0.1,303.54,1
B2C,1.31,5.0,0.0,6.55,0
B2B,95.35,100.0,0.15,8104.75,1
B2C,3.21,4.0,0.0,12.84,0
B2B,2.68,24.0,0.1,57.89,1
B2B,1.07,100.0,0.15,90.95,1
B2C,1.6299999999999997,3.0,0.0,4.89,0
B2C,35.52,15.0,0.0,532.8,0
B2C,0.55,9.0,0.0,4.95,0
B2B,5.87,30.0,0.05,167.3,1
B2B,1.01,28.000000000000004,0.15,24.04,1
B2C,3.02,12.0,0.0,36.24,0
B2B,0.8,31.0,0.05,23.560000000000002,1
B2C,0.96,12.0,0.0,11.520000000000001,0
B2C,0.93,14.000000000000002,0.0,13.02,0
B2B,2.03,68.0,0.05,131.14,1
B2C,0.53,7.000000000000001,0.0,3.7099999999999995,0
B2C,1.19,3.0,0.0,3.57,0
B2C,1.7099999999999997,2.0,0.0,3.42,0
B2B,1.22,73.0,0.1,80.15,1
B2C,1.75,3.0,0.0,5.25,0
B2C,0.58,2.0,0.0,1.16,0
B2B,2.58,97.0,0.1,225.23,1
B2B,11.7,9.0,0.1,94.77,1
B2B,0.91,17.0,0.05,14.7,1
B2C,1.8599999999999999,13.0,0.0,24.18,0
B2C,12.58,12.0,0.0,150.96,0
B2B,3.59,73.0,0.1,235.86,1
B2B,2.06,19.0,0.05,37.18,1
B2C,0.99,6.0,0.0,5.9399999999999995,0
B2C,2.27,15.0,0.0,34.05,0
B2C,3.23,3.0,0.0,9.69,0
B2C,1.58,11.0,0.0,17.38,0
B2B,47.88,31.0,0.1,1335.85,1
B2B,46.36,94.0,0.15,3704.16,1
B2C,1.09,6.0,0.0,6.54,0
B2C,3.23,6.0,0.0,19.38,0
B2C,1.3799999999999997,1.0,0.0,1.38,0
B2C,0.93,5.0,0.0,4.65,0
B2C,12.58,9.0,0.0,113.22,0
B2B,0.52,45.0,0.05,22.23,1
B2C,1.64,1.0,0.0,1.64,0
B2C,3.43,5.0,0.0,17.15,0
B2C,50.25,15.0,0.0,753.75,0
B2B,1.8199999999999998,76.0,0.1,124.49,1
B2B,1.15,17.0,0.05,18.57,1
B2B,5.18,71.0,0.05,349.38999999999993,1
B2C,1.07,1.0,0.0,1.07,0
B2B,1.03,12.0,0.05,11.74,1
B2C,1.4199999999999997,2.0,0.0,2.84,0
B2C,57.11,1.0,0.0,57.11,0
B2C,1.07,15.0,0.0,16.05,0
B2C,1.04,12.0,0.0,12.48,0
B2B,1.19,67.0,0.1,71.76,1
B2B,2.76,8.0,0.05,20.98,1
B2B,21.06,26.0,0.1,492.80000000000007,1
B2C,3.33,6.0,0.0,19.980000000000004,0
B2C,0.56,12.0,0.0,6.719999999999999,0
B2C,0.96,6.0,0.0,5.760000000000001,0
B2C,1.09,14.000000000000002,0.0,15.26,0
B2C,3.21,4.0,0.0,12.84,0
B2C,0.96,12.0,0.0,11.520000000000001,0
B2B,1.7099999999999997,84.0,0.05,136.46,1
B2B,1.17,28.999999999999996,0.1,30.54,1
B2C,0.46,15.0,0.0,6.8999999999999995,0
B2B,0.94,43.0,0.05,38.4,1
B2C,1.07,6.0,0.0,6.42,0
B2C,109.19,11.0,0.0,1201.09,0
B2B,2.4,43.0,0.1,92.88,1
B2B,1.06,88.0,0.1,83.94999999999999,1
B2C,1.49,1.0,0.0,1.49,0
B2C,2.26,11.0,0.0,24.859999999999996,0
B2C,0.96,6.0,0.0,5.760000000000001,0
B2C,1.4199999999999997,4.0,0.0,5.68,0
B2C,0.63,11.0,0.0,6.93,0
B2C,0.63,3.0,0.0,1.89,0
B2C,4.19,10.0,0.0,41.89999999999999,0
B2C,3.02,10.0,0.0,30.199999999999996,0
B2B,0.51,8.0,0.05,3.88,1
B2C,1.9399999999999997,14.000000000000002,0.0,27.16,0
B2B,6.2,84.0,0.1,468.72,1
B2B,1.5499999999999998,79.0,0.05,116.33,1
B2C,0.56,14.000000000000002,0.0,7.84,0
B2C,2.27,8.0,0.0,18.16,0
B2B,0.38,69.0,0.05,24.91,1
B2C,0.58,13.0,0.0,7.54,0
B2C,0.56,13.0,0.0,7.28,0
B2C,8.83,14.000000000000002,0.0,123.62,0
B2C,1.02,5.0,0.0,5.1,0
B2B,1.11,70.0,0.1,69.93,1
B2C,4.74,14.000000000000002,0.0,66.36,0
B2B,1.05,5.0,0.05,4.99,1
B2B,1.3499999999999999,60.0,0.05,76.95,1
B2B,2.43,32.0,0.05,73.87,1
B2C,1.27,5.0,0.0,6.35,0
B2B,1.59,88.0,0.1,125.92999999999999,1
B2B,1.08,19.0,0.05,19.49,1
B2B,2.64,84.0,0.1,199.58,1
B2B,0.95,24.0,0.1,20.52,1
B2B,1.19,22.0,0.05,24.870000000000005,1
B2C,1.01,15.0,0.0,15.15,0
B2C,13.84,2.0,0.0,27.68,0
B2B,1.14,4.0,0.05,4.33,1
B2C,0.56,5.0,0.0,2.8,0
B2C,3.02,12.0,0.0,36.24,0
B2B,0.57,32.0,0.05,17.33,1
B2C,2.12,12.0,0.0,25.44,0
B2B,2.25,44.0,0.1,89.1,1
B2C,0.55,11.0,0.0,6.05,0
B2C,0.99,5.0,0.0,4.95,0
B2C,3.21,11.0,0.0,35.31,0
B2C,0.59,13.0,0.0,7.67,0
B2B,0.88,42.0,0.1,33.26,1
B2B,1.03,33.0,0.05,32.29,1
B2C,3.02,10.0,0.0,30.199999999999996,0
B2B,1.17,28.999999999999996,0.05,32.23,1
B2C,0.58,3.0,0.0,1.74,0
B2C,0.63,5.0,0.0,3.15,0
B2B,3.3,87.0,0.1,258.39,1
B2B,2.45,5.0,0.1,11.02,1
B2C,1.01,7.000000000000001,0.0,7.07,0
B2C,1.69,15.0,0.0,25.35,0
B2C,3.31,9.0,0.0,29.79,0
B2B,3.31,77.0,0.15,216.64,1
B2B,1.3599999999999999,88.0,0.15,101.73,1
B2C,8.05,4.0,0.0,32.2,0
B2C,1.59,8.0,0.0,12.72,0
B2B,3.31,31.0,0.05,97.48,1
B2C,51.76,5.0,0.0,258.8,0
B2C,3.23,4.0,0.0,12.919999999999998,0
B2C,1.1,8.0,0.0,8.8,0
B2B,1.59,69.0,0.15,93.25,1
B2C,4.48,10.0,0.0,44.8,0
B2C,1.16,6.0,0.0,6.96,0
B2C,3.43,3.0,0.0,10.29,0
B2C,1.08,8.0,0.0,8.64,0
B2C,2.38,10.0,0.0,23.8,0
B2C,2.05,6.0,0.0,12.3,0
B2C,2.22,5.0,0.0,11.1,0
B2C,2.27,3.0,0.0,6.81,0
B2C,0.96,2.0,0.0,1.9199999999999997,0
B2C,0.99,5.0,0.0,4.95,0
B2C,1.16,10.0,0.0,11.6,0
B2C,1.14,1.0,0.0,1.14,0
B2B,0.66,8.0,0.05,5.02,1
B2C,0.49,8.0,0.0,3.92,0
B2B,2.1,49.0,0.05,97.76,1
B2C,3.12,12.0,0.0,37.44,0
B2C,1.69,9.0,0.0,15.21,0
B2B,1.48,52.0,0.1,69.26,1
B2C,1.59,6.0,0.0,9.54,0
B2B,3.64,52.0,0.1,170.35000000000002,1
B2B,0.87,52.99999999999999,0.1,41.5,1
B2B,0.74,9.0,0.05,6.329999999999999,1
B2C,1.8599999999999999,1.0,0.0,1.8600000000000003,0
B2C,4.22,5.0,0.0,21.1,0
B2B,2.85,31.0,0.05,83.93,1
B2B,0.69,66.0,0.05,43.26,1
B2B,7.21,39.0,0.1,253.07,1
B2C,0.93,12.0,0.0,11.159999999999998,0
B2C,1.6299999999999997,4.0,0.0,6.52,0
B2C,1.4199999999999997,10.0,0.0,14.2,0
B2B,3.27,28.000000000000004,0.1,82.4,1
B2C,0.46,1.0,0.0,0.46,0
B2B,1.7,23.0,0.05,37.15,1
B2C,1.05,1.0,0.0,1.05,0
B2B,3.29,2.0,0.05,6.250000000000001,1
B2B,1.26,45.0,0.1,51.029999999999994,1
B2C,0.46,8.0,0.0,3.68,0
B2C,109.19,9.0,0.0,982.71,0
B2B,0.66,17.0,0.05,10.66,1
B2B,1.9299999999999997,11.0,0.05,20.17,1
B2C,3.11,2.0,0.0,6.22,0
B2C,9.09,5.0,0.0,45.45,0
B2C,0.49,12.0,0.0,5.88,0
B2B,4.37,82.0,0.15,304.59,1
B2C,5.03,2.0,0.0,10.06,0
B2C,4.22,3.0,0.0,12.659999999999998,0
B2B,0.59,10.0,0.05,5.6,1
B2B,30.8,18.0,0.05,526.68,1
B2C,1.5499999999999998,15.0,0.0,23.25,0
B2C,3.12,15.0,0.0,46.8,0
B2B,4.06,48.0,0.15,165.65,1
B2B,3.36,67.0,0.1,202.61,1
B2B,2.63,57.0,0.05,142.41,1
B2B,1.9,69.0,0.15,111.43,1
B2C,3.11,1.0,0.0,3.11,0
B2C,2.9300000000000006,2.0,0.0,5.860000000000001,0
B2B,0.98,33.0,0.1,29.11,1
B2B,3.7,74.0,0.1,246.42,1
B2C,35.65,6.0,0.0,213.9,0
B2C,13.35,14.000000000000002,0.0,186.9,0
B2C,0.59,5.0,0.0,2.95,0
B2B,1.69,76.0,0.05,122.02,1
B2B,1.13,94.0,0.1,95.6,1
B2C,8.05,10.0,0.0,80.5,0
B2B,3.0699999999999994,32.0,0.15,83.5,1
B2C,34.61,2.0,0.0,69.22,0
B2C,2.21,12.0,0.0,26.52,0
B2C,3.33,14.000000000000002,0.0,46.62,0
B2B,2.64,100.0,0.1,237.6,1
B2C,2.45,8.0,0.0,19.6,0
B2C,109.19,8.0,0.0,873.52,0
B2C,3.11,10.0,0.0,31.1,0
B2B,1.37,93.0,0.1,114.67,1
B2C,1.8599999999999999,3.0,0.0,5.579999999999999,0
B2C,0.96,9.0,0.0,8.64,0
B2B,1.24,25.0,0.05,29.45,1
B2C,3.21,15.0,0.0,48.14999999999999,0
B2B,3.93,70.0,0.1,247.59,1
B2C,1.8,7.000000000000001,0.0,12.6,0
B2C,0.56,12.0,0.0,6.719999999999999,0
B2C,0.61,12.0,0.0,7.32,0
B2C,0.46,8.0,0.0,3.68,0
B2C,60.58,11.0,0.0,666.3799999999999,0
B2B,2.45,72.0,0.15,149.94,1
B2B,2.14,37.0,0.05,75.22,1
B2C,0.59,15.0,0.0,8.85,0
B2C,1.31,1.0,0.0,1.3100000000000003,0
B2C,1.4199999999999997,7.000000000000001,0.0,9.94,0
B2C,1.6099999999999999,9.0,0.0,14.49,0
B2B,2.03,36.0,0.05,69.43,1
B2C,2.38,13.0,0.0,30.94,0
B2C,1.99,5.0,0.0,9.949999999999998,0
B2B,30.56,77.0,0.1,2117.81,1
B2C,0.55,14.000000000000002,0.0,7.700000000000001,0
B2C,1.21,10.0,0.0,12.1,0
B2C,60.58,5.0,0.0,302.9,0
B2B,2.95,27.0,0.05,75.67,1
B2B,0.76,43.0,0.1,29.41,1
B2B,2.4,1.0,0.1,2.16,1
B2B,1.16,69.0,0.05,76.04,1
B2C,109.19,3.0,0.0,327.57,0
B2C,0.86,11.0,0.0,9.46,0
B2C,0.57,8.0,0.0,4.56,0
B2C,2.9300000000000006,7.000000000000001,0.0,20.51,0
B2B,7.43,47.0,0.1,314.29,1
B2B,0.94,84.0,0.1,71.06,1
B2C,1.37,14.000000000000002,0.0,19.18,0
B2C,1.9199999999999997,4.0,0.0,7.679999999999999,0
B2C,1.09,10.0,0.0,10.899999999999999,0
B2C,1.49,6.0,0.0,8.94,0
B2B,0.72,51.00000000000001,0.1,33.05,1
B2B,0.63,57.0,0.1,32.32,1
B2C,0.59,10.0,0.0,5.9,0
B2C,2.45,6.0,0.0,14.7,0
B2C,0.89,12.0,0.0,10.68,0
B2B,1.74,85.0,0.1,133.11,1
B2C,1.3799999999999997,13.0,0.0,17.94,0
B2B,2.39,8.0,0.1,17.21,1
B2C,0.61,3.0,0.0,1.83,0
B2C,0.58,9.0,0.0,5.219999999999999,0
B2B,0.6,42.0,0.05,23.94,1
B2C,1.8599999999999999,11.0,0.0,20.46,0
B2B,29.2,43.0,0.05,1192.82,1
B2C,1.99,11.0,0.0,21.89,0
B2B,2.18,43.0,0.05,89.05,1
B2B,8.78,25.0,0.1,197.55000000000004,1
B2C,2.27,1.0,0.0,2.27,0
B2C,1.6099999999999999,1.0,0.0,1.61,0
B2C,0.49,1.0,0.0,0.49,0
B2C,1.19,4.0,0.0,4.76,0
B2B,1.74,87.0,0.1,136.24,1
B2B,2.14,42.0,0.1,80.89,1
B2B,0.66,32.0,0.05,20.06,1
B2B,2.39,44.0,0.1,94.64,1
B2B,1.01,24.0,0.05,23.03,1
B2B,1.39,36.0,0.05,47.54,1
B2C,12.58,7.000000000000001,0.0,88.06,0
B2C,1.9399999999999997,2.0,0.0,3.88,0
B2C,0.99,7.000000000000001,0.0,6.93,0
B2B,2.25,87.0,0.15,166.39,1
B2B,0.78,20.0,0.05,14.82,1
B2B,1.4099999999999997,100.0,0.15,119.85,1
B2C,0.93,12.0,0.0,11.159999999999998,0
B2C,8.05,5.0,0.0,40.25,0
B2B,1.24,77.0,0.05,90.71000000000001,1
B2B,2.51,88.0,0.1,198.79,1
B2B,1.3,42.0,0.1,49.14,1
B2C,50.25,7.000000000000001,0.0,351.75,0
B2C,3.31,13.0,0.0,43.03,0
B2C,3.23,5.0,0.0,16.15,0
B2B,1.5099999999999998,74.0,0.1,100.57,1
B2B,1.04,65.0,0.05,64.22,1
B2C,2.45,4.0,0.0,9.8,0
B2C,2.31,10.0,0.0,23.1,0
B2C,0.55,9.0,0.0,4.95,0
B2C,1.75,4.0,0.0,7.0,0
B2B,1.7299999999999998,18.0,0.1,28.03,1
B2C,2.19,14.000000000000002,0.0,30.659999999999997,0
B2B,40.56,57.99999999999999,0.15,1999.61,1
B2B,0.66,80.0,0.05,50.16,1
B2C,1.66,5.0,0.0,8.3,0
B2C,1.4199999999999997,15.0,0.0,21.3,0
B2C,1.4199999999999997,11.0,0.0,15.619999999999997,0
B2C,0.55,2.0,0.0,1.1,0
B2C,2.31,12.0,0.0,27.72,0
B2B,2.39,65.0,0.1,139.82,1
B2C,2.04,4.0,0.0,8.16,0
B2C,1.16,2.0,0.0,2.32,0
B2C,9.09,14.000000000000002,0.0,127.26,0
B2C,0.86,7.000000000000001,0.0,6.0200000000000005,0
B2C,2.19,15.0,0.0,32.85,0
B2B,0.95,89.0,0.15,71.87,1
B2C,0.57,5.0,0.0,2.85,0
B2C,2.38,9.0,0.0,21.420000000000005,0
B2C,2.13,12.0,0.0,25.56,0
B2C,0.56,9.0,0.0,5.04,0
B2C,1.23,15.0,0.0,18.45,0
B2B,129.14,79.0,0.1,9181.85,1
B2C,0.86,2.0,0.0,1.72,0
B2B,0.53,15.0,0.05,7.549999999999999,1
B2C,0.93,4.0,0.0,3.7200000000000006,0
B2B,1.27,20.0,0.05,24.13,1
B2B,1.08,73.0,0.1,70.96,1
B2C,0.56,13.0,0.0,7.28,0
B2B,45.11,55.0,0.1,2232.95,1
B2C,13.35,7.000000000000001,0.0,93.45,0
B2B,12.47,86.0,0.1,965.18,1
B2B,3.8,82.0,0.1,280.44,1
B2B,1.6099999999999999,47.0,0.1,68.1,1
B2C,1.1,14.000000000000002,0.0,15.400000000000002,0
B2C,3.12,3.0,0.0,9.36,0
B2B,54.41,71.0,0.05,3669.95,1
B2C,1.4599999999999997,6.0,0.0,8.76,0
B2B,1.6699999999999997,37.0,0.1,55.61,1
B2C,0.55,5.0,0.0,2.7500000000000004,0
B2C,1.99,11.0,0.0,21.89,0
B2B,1.2,68.0,0.1,73.44,1
B2B,1.99,32.0,0.05,60.5,1
B2B,40.2,88.0,0.15,3006.96,1
B2C,1.2,11.0,0.0,13.2,0
B2C,1.9199999999999997,10.0,0.0,19.2,0
B2C,1.8599999999999999,11.0,0.0,20.46,0
B2C,2.27,9.0,0.0,20.429999999999996,0
B2C,0.91,3.0,0.0,2.73,0
B2C,0.91,4.0,0.0,3.64,0
B2C,2.05,12.0,0.0,24.6,0
B2B,2.99,28.000000000000004,0.1,75.35,1
B2C,1.8,9.0,0.0,16.2,0
B2C,1.05,5.0,0.0,5.25,0
B2C,2.45,12.0,0.0,29.4,0
B2B,2.57,98.99999999999999,0.1,228.99,1
B2C,1.3799999999999997,10.0,0.0,13.799999999999999,0
B2C,2.38,3.0,0.0,7.14,0
B2C,0.99,4.0,0.0,3.96,0
B2C,1.31,12.0,0.0,15.72,0
B2B,1.3599999999999999,73.0,0.1,89.35,1
B2C,0.91,1.0,0.0,0.91,0
B2B,0.93,19.0,0.05,16.79,1
B2C,2.34,11.0,0.0,25.74,0
B2C,3.46,13.0,0.0,44.98,0
B2B,2.32,59.0,0.1,123.19,1
B2B,2.22,82.0,0.15,154.73,1
B2C,1.8599999999999999,7.000000000000001,0.0,13.02,0
B2C,3.11,1.0,0.0,3.11,0
B2C,1.64,13.0,0.0,21.32,0
B2C,2.12,4.0,0.0,8.48,0
B2C,1.74,13.0,0.0,22.62,0
B2B,2.6,32.0,0.05,79.04,1
B2B,36.73,98.99999999999999,0.1,3272.64,1
B2C,2.45,12.0,0.0,29.4,0
B2C,2.35,14.000000000000002,0.0,32.9,0
B2B,1.69,82.0,0.1,124.71999999999998,1
B2C,3.31,15.0,0.0,49.65,0
B2C,0.86,6.0,0.0,5.16,0
B2C,1.14,9.0,0.0,10.26,0
B2B,73.88,79.0,0.1,5252.87,1
B2B,0.7,23.0,0.05,15.29,1
B2B,0.81,83.0,0.1,60.51,1
B2B,2.68,21.0,0.05,53.47,1
B2C,1.3799999999999997,5.0,0.0,6.8999999999999995,0
B2C,1.69,5.0,0.0,8.45,0
B2C,1.19,6.0,0.0,7.14,0
B2B,2.2,19.0,0.05,39.71,1
B2B,2.18,45.0,0.1,88.29,1
B2B,2.68,87.0,0.1,209.83999999999997,1
B2C,3.11,13.0,0.0,40.43,0
B2C,1.8599999999999999,2.0,0.0,3.7200000000000006,0
B2B,0.68,85.0,0.1,52.02,1
B2C,0.89,5.0,0.0,4.45,0
B2B,4.22,98.99999999999999,0.1,376.00000000000006,1
B2C,1.04,2.0,0.0,2.08,0
B2B,2.78,26.0,0.05,68.67,1
B2C,2.31,2.0,0.0,4.62,0
B2B,1.4699999999999998,100.0,0.1,132.3,1
B2C,2.9300000000000006,11.0,0.0,32.23,0
B2C,1.7099999999999997,10.0,0.0,17.1,0
B2B,3.89,7.000000000000001,0.05,25.87,1
B2C,2.38,7.000000000000001,0.0,16.66,0
B2B,1.4599999999999997,70.0,0.15,86.87,1
B2C,3.67,10.0,0.0,36.7,0
B2B,1.7,85.0,0.1,130.05,1
B2B,1.64,9.0,0.05,14.02,1
B2C,0.49,12.0,0.0,5.88,0
B2B,3.02,65.0,0.1,176.67,1
B2C,0.46,12.0,0.0,5.52,0
B2C,1.05,3.0,0.0,3.15,0
B2C,2.35,5.0,0.0,11.750000000000002,0
B2C,1.23,13.0,0.0,15.99,0
B2C,1.24,7.000000000000001,0.0,8.68,0
B2B,0.42,23.0,0.05,9.18,1
B2B,1.78,4.0,0.05,6.76,1
B2B,1.6299999999999997,45.0,0.05,69.68,1
B2B,0.45,26.0,0.1,10.53,1
B2C,2.34,10.0,0.0,23.4,0
B2C,0.47,9.0,0.0,4.23,0
B2B,1.49,61.0,0.05,86.35,1
B2C,0.58,11.0,0.0,6.38,0
B2C,3.31,8.0,0.0,26.48,0
B2B,1.31,67.0,0.05,83.38,1
B2C,1.4599999999999997,10.0,0.0,14.6,0
B2C,0.61,13.0,0.0,7.93,0
B2C,3.46,3.0,0.0,10.379999999999999,0
B2C,0.86,7.000000000000001,0.0,6.0200000000000005,0
B2B,1.1,100.0,0.1,99.0,1
B2C,1.26,15.0,0.0,18.9,0
B2C,51.76,7.000000000000001,0.0,362.31999999999994,0
B2C,3.12,14.000000000000002,0.0,43.68,0
B2C,12.58,10.0,0.0,125.8,0
B2C,0.56,3.0,0.0,1.6799999999999997,0
B2C,35.52,6.0,0.0,213.12,0
B2C,3.43,2.0,0.0,6.86,0
B2C,1.24,1.0,0.0,1.2399999999999998,0
B2C,2.04,9.0,0.0,18.36,0
B2B,1.9799999999999998,97.0,0.1,172.85,1
B2B,1.4299999999999997,17.0,0.05,23.09,1
B2B,1.5099999999999998,48.0,0.05,68.86,1
B2C,3.23,1.0,0.0,3.2299999999999995,0
B2B,0.39,9.0,0.05,3.33,1
B2C,0.93,6.0,0.0,5.579999999999999,0
B2C,3.23,13.0,0.0,41.99,0
B2C,4.32,1.0,0.0,4.32,0
B2C,0.93,9.0,0.0,8.37,0
B2C,1.6099999999999999,6.0,0.0,9.66,0
B2B,53.68,66.0,0.1,3188.59,1
B2C,1.7099999999999997,3.0,0.0,5.13,0
B2C,0.65,8.0,0.0,5.2,0
B2C,1.31,15.0,0.0,19.65,0
B2C,2.05,14.000000000000002,0.0,28.7,0
B2C,1.2,5.0,0.0,6.0,0
B2C,1.3799999999999997,10.0,0.0,13.799999999999999,0
B2B,4.01,93.0,0.15,316.99,1
B2B,0.86,8.0,0.05,6.54,1
B2C,0.89,6.0,0.0,5.34,0
B2C,3.21,12.0,0.0,38.52,0
B2C,1.4199999999999997,7.000000000000001,0.0,9.94,0
B2C,0.55,8.0,0.0,4.4,0
B2B,0.7,27.0,0.05,17.95,1
B2C,1.99,6.0,0.0,11.939999999999998,0
B2C,1.33,2.0,0.0,2.6599999999999997,0
B2C,3.31,8.0,0.0,26.48,0
B2C,1.8599999999999999,11.0,0.0,20.46,0
B2B,3.33,78.0,0.15,220.78,1
B2B,0.54,6.0,0.05,3.08,1
B2C,35.65,9.0,0.0,320.85,0
B2B,23.65,52.0,0.05,1168.31,1
B2B,1.49,71.0,0.1,95.21,1
B2C,0.47,11.0,0.0,5.17,0
B2C,0.49,12.0,0.0,5.88,0
B2C,1.99,2.0,0.0,3.9800000000000004,0
B2B,1.96,24.0,0.1,42.34,1
B2C,60.58,12.0,0.0,726.96,0
B2C,1.9399999999999997,2.0,0.0,3.88,0
B2C,2.45,8.0,0.0,19.6,0
B2C,3.23,6.0,0.0,19.38,0
B2C,1.6299999999999997,12.0,0.0,19.56,0
B2B,1.5599999999999998,81.0,0.15,107.41000000000001,1
B2B,1.58,81.0,0.1,115.18,1
B2B,1.13,19.0,0.05,20.4,1
B2C,0.99,14.000000000000002,0.0,13.86,0
B2C,0.58,3.0,0.0,1.74,0
B2C,0.89,11.0,0.0,9.79,0
B2B,0.91,100.0,0.15,77.35,1
B2B,129.24,49.0,0.1,5699.479999999999,1
B2C,0.99,3.0,0.0,2.9699999999999998,0
B2C,1.64,1.0,0.0,1.64,0
B2B,2.14,2.0,0.05,4.07,1
B2C,1.69,11.0,0.0,18.59,0
B2C,0.56,6.0,0.0,3.3599999999999994,0
B2C,3.46,12.0,0.0,41.519999999999996,0
B2C,2.21,9.0,0.0,19.89,0
B2C,1.19,15.0,0.0,17.85,0
B2C,0.99,5.0,0.0,4.95,0
B2C,0.99,3.0,0.0,2.9699999999999998,0
B2C,3.21,15.0,0.0,48.14999999999999,0
B2C,3.31,7.000000000000001,0.0,23.169999999999998,0
B2C,1.64,9.0,0.0,14.76,0
B2C,1.26,4.0,0.0,5.04,0
B2C,2.31,9.0,0.0,20.79,0
B2C,1.4599999999999997,11.0,0.0,16.06,0
B2C,1.8799999999999997,12.0,0.0,22.56,0
B2C,1.3799999999999997,12.0,0.0,16.56,0
B2C,36.59,3.0,0.0,109.77,0
B2C,3.31,13.0,0.0,43.03,0
B2C,1.58,15.0,0.0,23.7,0
B2C,0.93,7.000000000000001,0.0,6.51,0
B2C,1.04,4.0,0.0,4.16,0
B2B,2.76,12.0,0.05,31.46,1
B2C,3.33,5.0,0.0,16.65,0
B2C,0.86,8.0,0.0,6.88,0
B2C,4.88,9.0,0.0,43.92,0
B2C,0.58,3.0,0.0,1.74,0
B2C,0.59,2.0,0.0,1.1799999999999997,0
B2C,0.96,14.000000000000002,0.0,13.439999999999998,0
B2C,1.4099999999999997,13.0,0.0,18.33,0
B2B,2.58,3.0,0.05,7.35,1
B2B,1.32,46.0,0.05,57.68000000000001,1
B2C,0.55,7.000000000000001,0.0,3.8500000000000005,0
B2B,11.66,65.0,0.1,682.11,1
B2C,3.02,1.0,0.0,3.02,0
B2C,1.64,9.0,0.0,14.76,0
B2B,0.42,51.00000000000001,0.05,20.35,1
B2B,2.26,19.0,0.05,40.79,1
B2C,3.12,7.000000000000001,0.0,21.84,0
B2B,1.07,80.0,0.15,72.76,1
B2B,0.68,17.0,0.05,10.98,1
B2B,1.21,69.0,0.05,79.32,1
B2B,2.27,66.0,0.05,142.33,1
B2C,0.56,9.0,0.0,5.04,0
B2C,2.35,8.0,0.0,18.8,0
B2B,0.54,24.0,0.05,12.31,1
B2C,2.05,9.0,0.0,18.45,0
B2C,0.86,1.0,0.0,0.86,0
B2C,13.35,9.0,0.0,120.15,0
B2B,2.1,47.0,0.05,93.76000000000002,1
B2C,1.69,7.000000000000001,0.0,11.83,0
B2B,1.84,20.0,0.1,33.12,1
B2C,109.19,1.0,0.0,109.19,0
B2C,3.21,10.0,0.0,32.1,0
B2C,2.26,9.0,0.0,20.34,0
B2C,13.35,5.0,0.0,66.75,0
B2C,1.59,3.0,0.0,4.77,0
B2B,0.88,5.0,0.05,4.18,1
B2C,2.28,6.0,0.0,13.68,0
B2B,37.86,17.0,0.05,611.44,1
B2C,1.59,13.0,0.0,20.67,0
B2B,0.4,48.0,0.05,18.24,1
B2C,2.13,8.0,0.0,17.04,0
B2C,1.4599999999999997,10.0,0.0,14.6,0
B2C,1.6099999999999999,2.0,0.0,3.22,0
B2B,1.5099999999999998,18.0,0.15,23.1,1
B2B,1.03,72.0,0.1,66.74,1
B2C,8.29,1.0,0.0,8.29,0
B2C,1.4199999999999997,2.0,0.0,2.84,0
B2C,1.26,14.000000000000002,0.0,17.64,0
B2B,1.8899999999999997,28.999999999999996,0.05,52.06999999999999,1
B2C,0.91,7.000000000000001,0.0,6.37,0
B2B,1.62,6.0,0.15,8.26,1
B2B,22.32,57.99999999999999,0.1,1165.1,1
B2B,120.53,93.0,0.1,10088.36,1
B2C,1.6099999999999999,2.0,0.0,3.22,0
B2C,1.8599999999999999,7.000000000000001,0.0,13.02,0
B2C,0.59,9.0,0.0,5.31,0
B2C,1.4199999999999997,7.000000000000001,0.0,9.94,0
B2B,9.53,80.0,0.1,686.1600000000001,1
B2B,0.43,6.0,0.05,2.45,1
B2C,1.07,12.0,0.0,12.84,0
B2B,1.01,4.0,0.05,3.8399999999999994,1
B2C,1.01,12.0,0.0,12.12,0
B2B,14.0,27.0,0.15,321.3,1
B2B,1.3799999999999997,10.0,0.05,13.11,1
B2C,3.12,14.000000000000002,0.0,43.68,0
B2B,1.65,75.0,0.05,117.56,1
B2C,2.19,12.0,0.0,26.28,0
B2B,2.05,31.0,0.05,60.37,1
B2C,3.21,3.0,0.0,9.63,0
B2C,2.19,7.000000000000001,0.0,15.329999999999998,0
B2B,1.65,71.0,0.05,111.29,1
B2C,0.55,7.000000000000001,0.0,3.8500000000000005,0
B2C,3.33,9.0,0.0,29.97,0
B2C,0.56,10.0,0.0,5.6,0
B2B,2.34,93.0,0.1,195.86,1
B2C,0.46,14.000000000000002,0.0,6.44,0
B2B,0.82,100.0,0.15,69.7,1
B2C,3.21,7.000000000000001,0.0,22.47,0
B2C,1.16,5.0,0.0,5.8,0
B2C,0.96,10.0,0.0,9.6,0
B2B,1.13,80.0,0.15,76.84,1
B2C,0.56,7.000000000000001,0.0,3.92,0
B2C,3.21,14.000000000000002,0.0,44.94,0
B2C,1.3799999999999997,5.0,0.0,6.8999999999999995,0
B2C,1.59,4.0,0.0,6.36,0
B2B,0.69,97.0,0.1,60.24,1
B2B,2.4,88.0,0.15,179.52,1
B2B,1.4599999999999997,14.000000000000002,0.05,19.42,1
B2B,95.1,49.0,0.1,4193.91,1
B2B,1.02,2.0,0.05,1.94,1
B2C,2.45,5.0,0.0,12.25,0
B2B,0.69,41.0,0.1,25.46,1
B2B,3.55,61.0,0.1,194.9,1
B2B,4.86,2.0,0.05,9.23,1
B2C,34.61,2.0,0.0,69.22,0
B2B,98.72,59.0,0.15,4950.81,1
B2C,1.31,7.000000000000001,0.0,9.17,0
B2C,0.96,13.0,0.0,12.48,0
B2B,1.65,97.0,0.1,144.04,1
B2C,8.54,13.0,0.0,111.02,0
B2C,3.67,15.0,0.0,55.04999999999999,0
B2B,10.73,17.0,0.05,173.29,1
B2C,3.31,3.0,0.0,9.93,0
B2B,1.4699999999999998,78.0,0.15,97.46,1
B2C,1.75,10.0,0.0,17.5,0
B2C,1.04,15.0,0.0,15.6,0
B2C,1.69,4.0,0.0,6.76,0
B2B,1.23,8.0,0.05,9.35,1
B2B,2.08,42.0,0.1,78.62,1
B2B,0.84,22.0,0.05,17.56,1
B2C,0.65,4.0,0.0,2.6,0
B2B,12.35,44.0,0.05,516.23,1
B2C,2.27,2.0,0.0,4.54,0
B2B,2.46,70.0,0.1,154.98,1
B2C,48.79,10.0,0.0,487.9,0
B2C,3.56,8.0,0.0,28.48,0
B2C,0.46,1.0,0.0,0.46,0
B2B,0.85,8.0,0.05,6.459999999999999,1
B2C,3.12,2.0,0.0,6.24,0
B2C,1.07,5.0,0.0,5.349999999999999,0
B2B,2.39,64.0,0.1,137.66,1
B2C,3.23,7.000000000000001,0.0,22.61,0
B2C,1.75,14.000000000000002,0.0,24.5,0
B2C,1.8599999999999999,12.0,0.0,22.319999999999997,0
B2C,1.4199999999999997,11.0,0.0,15.619999999999997,0
B2C,1.33,14.000000000000002,0.0,18.62,0
B2C,3.46,4.0,0.0,13.84,0
B2B,33.17,97.0,0.15,2734.87,1
B2B,2.94,91.0,0.1,240.79,1
B2C,3.33,9.0,0.0,29.97,0
B2B,0.82,98.99999999999999,0.1,73.06,1
B2C,2.35,12.0,0.0,28.2,0
B2C,3.12,8.0,0.0,24.96,0
B2C,51.76,6.0,0.0,310.56,0
B2C,1.7099999999999997,14.000000000000002,0.0,23.94,0
B2C,1.24,8.0,0.0,9.919999999999998,0
B2C,3.33,9.0,0.0,29.97,0
B2C,5.03,13.0,0.0,65.39,0
B2B,0.76,57.0,0.1,38.99,1
B2C,2.31,11.0,0.0,25.41,0
B2C,1.8599999999999999,2.0,0.0,3.7200000000000006,0
B2B,0.65,50.0,0.05,30.88,1
B2B,32.45,39.0,0.05,1202.27,1
B2C,0.47,4.0,0.0,1.88,0
B2B,0.94,98.99999999999999,0.15,79.09999999999998,1
B2C,1.23,14.000000000000002,0.0,17.22,0
B2C,1.01,8.0,0.0,8.08,0
B2C,1.8599999999999999,7.000000000000001,0.0,13.02,0
B2B,1.15,56.00000000000001,0.05,61.18,1
B2C,0.93,8.0,0.0,7.440000000000001,0
B2B,2.61,54.0,0.1,126.85,1
B2C,0.86,13.0,0.0,11.18,0
B2B,2.4,85.0,0.1,183.6,1
B2C,1.64,5.0,0.0,8.2,0
B2B,1.74,28.000000000000004,0.05,46.28,1
B2C,2.05,9.0,0.0,18.45,0
B2B,2.49,28.000000000000004,0.05,66.23,1
B2C,1.8799999999999997,5.0,0.0,9.4,0
B2B,1.05,18.0,0.05,17.96,1
B2C,8.54,7.000000000000001,0.0,59.78000000000001,0
B2C,3.21,9.0,0.0,28.89,0
B2C,57.11,11.0,0.0,628.21,0
B2C,3.31,1.0,0.0,3.31,0
B2B,0.72,2.0,0.05,1.37,1
B2C,2.45,11.0,0.0,26.950000000000003,0
B2C,3.31,7.000000000000001,0.0,23.169999999999998,0
B2C,1.74,4.0,0.0,6.96,0
B2B,1.04,47.0,0.05,46.44,1
B2C,2.12,13.0,0.0,27.56,0
B2B,29.16,37.0,0.15,917.0799999999999,1
B2C,1.07,11.0,0.0,11.77,0
B2B,1.65,46.0,0.05,72.1,1
B2C,1.09,7.000000000000001,0.0,7.63,0
B2C,58.82,3.0,0.0,176.46,0
B2C,1.64,7.000000000000001,0.0,11.48,0
B2C,0.46,5.0,0.0,2.3,0
B2B,0.61,56.00000000000001,0.05,32.45,1
B2B,6.99,10.0,0.1,62.91,1
B2B,46.25,77.0,0.1,3205.12,1
B2B,3.04,90.0,0.05,259.92,1
B2C,1.59,1.0,0.0,1.59,0
B2C,3.67,13.0,0.0,47.71,0
B2C,3.56,15.0,0.0,53.4,0
B2B,1.62,76.0,0.05,116.96,1
B2C,0.96,1.0,0.0,0.9599999999999999,0
B2C,3.02,10.0,0.0,30.199999999999996,0
B2C,4.88,7.000000000000001,0.0,34.16,0
B2C,14.26,7.000000000000001,0.0,99.82,0
B2C,0.64,11.0,0.0,7.04,0
B2B,1.14,48.0,0.05,51.98,1
B2C,0.91,6.0,0.0,5.46,0
B2C,3.31,8.0,0.0,26.48,0
B2C,1.12,10.0,0.0,11.2,0
B2B,2.68,96.0,0.1,231.55,1
B2B,2.28,38.0,0.05,82.31,1
B2B,1.66,98.99999999999999,0.1,147.91,1
B2C,1.01,1.0,0.0,1.01,0
B2B,0.82,79.0,0.1,58.3,1
B2B,2.52,40.0,0.05,95.76,1
B2B,2.85,74.0,0.1,189.81,1
B2C,3.56,15.0,0.0,53.4,0
B2C,0.53,15.0,0.0,7.95,0
B2C,1.3799999999999997,9.0,0.0,12.42,0
B2C,0.89,11.0,0.0,9.79,0
B2B,1.13,93.0,0.1,94.58,1
B2C,2.9300000000000006,11.0,0.0,32.23,0
B2B,3.28,48.0,0.05,149.57,1
B2B,2.66,17.0,0.05,42.96000000000001,1
B2B,2.82,75.0,0.1,190.35,1
B2C,4.35,15.0,0.0,65.25,0
B2C,1.27,12.0,0.0,15.24,0
B2C,0.93,6.0,0.0,5.579999999999999,0
B2B,1.24,49.0,0.1,54.68000000000001,1
B2C,1.33,9.0,0.0,11.97,0
B2B,1.21,24.0,0.05,27.59,1
B2C,3.12,13.0,0.0,40.56,0
B2C,8.54,15.0,0.0,128.1,0
B2C,2.9300000000000006,14.000000000000002,0.0,41.02,0
B2C,0.46,7.000000000000001,0.0,3.22,0
B2B,2.53,42.0,0.15,90.32000000000001,1
B2C,3.33,15.0,0.0,49.95,0
B2C,0.55,1.0,0.0,0.55,0
B2C,1.24,7.000000000000001,0.0,8.68,0
B2C,1.31,3.0,0.0,3.93,0
B2C,1.58,10.0,0.0,15.8,0
B2C,1.02,5.0,0.0,5.1,0
B2B,3.74,51.00000000000001,0.1,171.67,1
B2C,1.08,6.0,0.0,6.48,0
B2B,1.24,68.0,0.1,75.89,1
B2C,8.54,8.0,0.0,68.32,0
B2C,2.35,4.0,0.0,9.4,0
B2B,1.14,84.0,0.1,86.17999999999999,1
B2C,1.6299999999999997,10.0,0.0,16.3,0
B2B,0.7500000000000001,71.0,0.1,47.92000000000001,1
B2C,1.7099999999999997,3.0,0.0,5.13,0
B2C,0.47,4.0,0.0,1.88,0
B2C,3.12,14.000000000000002,0.0,43.68,0
B2C,57.11,4.0,0.0,228.44,0
B2C,0.56,15.0,0.0,8.4,0
B2B,0.62,50.0,0.05,29.45,1
B2C,8.29,6.0,0.0,49.74000000000001,0
B2B,1.06,10.0,0.1,9.54,1
B2B,2.69,9.0,0.05,23.0,1
B2C,3.31,4.0,0.0,13.24,0
B2C,3.21,7.000000000000001,0.0,22.47,0
B2C,3.31,5.0,0.0,16.55,0
B2C,4.22,10.0,0.0,42.2,0
B2B,0.89,42.0,0.1,33.64,1
B2C,0.63,14.000000000000002,0.0,8.82,0
B2C,1.75,10.0,0.0,17.5,0
B2C,1.69,10.0,0.0,16.9,0
B2B,0.95,89.0,0.15,71.87,1
B2C,0.96,15.0,0.0,14.4,0
B2C,1.31,11.0,0.0,14.41,0
B2C,1.05,11.0,0.0,11.55,0
B2C,1.05,1.0,0.0,1.05,0
B2B,3.22,47.0,0.05,143.77,1
B2C,3.12,15.0,0.0,46.8,0
B2C,3.12,13.0,0.0,40.56,0
B2C,0.91,10.0,0.0,9.1,0
B2C,0.58,13.0,0.0,7.54,0
B2C,1.75,5.0,0.0,8.75,0
B2B,3.34,100.0,0.15,283.9,1
B2C,2.19,14.000000000000002,0.0,30.659999999999997,0
B2C,3.23,3.0,0.0,9.69,0
B2C,1.07,14.000000000000002,0.0,14.98,0
B2C,0.99,15.0,0.0,14.85,0
B2C,3.21,8.0,0.0,25.68,0
B2C,8.83,14.000000000000002,0.0,123.62,0
B2B,2.6,81.0,0.15,179.01,1
B2C,2.35,11.0,0.0,25.850000000000005,0
B2C,2.45,5.0,0.0,12.25,0
B2C,1.4099999999999997,14.000000000000002,0.0,19.74,0
B2C,4.19,3.0,0.0,12.57,0
B2B,1.91,31.0,0.05,56.25000000000001,1
B2C,0.93,2.0,0.0,1.8600000000000003,0
B2C,9.09,2.0,0.0,18.18,0
B2B,2.68,26.0,0.05,66.2,1
B2C,1.07,11.0,0.0,11.77,0
B2B,0.83,15.0,0.05,11.83,1
B2B,1.13,23.0,0.05,24.69,1
B2B,3.18,23.0,0.05,69.48,1
B2B,1.96,19.0,0.05,35.38,1
B2C,1.05,3.0,0.0,3.15,0
B2B,1.9799999999999998,22.0,0.05,41.38,1
B2C,3.31,5.0,0.0,16.55,0
B2C,1.05,12.0,0.0,12.6,0
B2B,1.33,92.0,0.15,104.00999999999999,1
B2C,2.45,13.0,0.0,31.85,0
B2C,1.4199999999999997,4.0,0.0,5.68,0
B2C,3.12,10.0,0.0,31.2,0
B2C,1.16,4.0,0.0,4.64,0
B2B,0.99,45.0,0.05,42.32,1
B2C,2.35,1.0,0.0,2.35,0
B2B,1.74,90.0,0.15,133.11,1
B2B,0.82,51.00000000000001,0.05,39.73,1
B2B,4.28,39.0,0.05,158.56999999999996,1
B2C,1.27,15.0,0.0,19.05,0
B2B,1.21,2.0,0.05,2.3,1
B2C,2.45,8.0,0.0,19.6,0
B2C,0.49,6.0,0.0,2.94,0
B2B,2.06,69.0,0.15,120.82000000000001,1
B2C,1.8,10.0,0.0,18.0,0
B2C,0.55,7.000000000000001,0.0,3.8500000000000005,0
B2C,1.1,12.0,0.0,13.2,0
B2C,0.58,8.0,0.0,4.64,0
B2C,13.84,12.0,0.0,166.07999999999998,0
B2C,0.58,8.0,0.0,4.64,0
B2C,3.02,5.0,0.0,15.099999999999998,0
B2C,1.04,2.0,0.0,2.08,0
B2C,3.33,12.0,0.0,39.96000000000001,0
B2B,0.69,6.0,0.1,3.73,1
B2C,1.23,4.0,0.0,4.92,0
B2C,1.19,7.000000000000001,0.0,8.33,0
B2C,36.59,9.0,0.0,329.31,0
B2B,1.32,52.99999999999999,0.1,62.96,1
B2C,35.65,3.0,0.0,106.95,0
B2C,1.31,10.0,0.0,13.1,0
B2B,1.6299999999999997,88.0,0.05,136.27,1
B2B,2.82,28.000000000000004,0.1,71.06,1
B2C,3.21,1.0,0.0,3.21,0
B2B,2.13,28.000000000000004,0.05,56.66,1
B2C,0.96,10.0,0.0,9.6,0
B2C,2.05,11.0,0.0,22.55,0
B2C,1.4599999999999997,15.0,0.0,21.9,0
B2B,3.97,98.0,0.1,350.15,1
B2C,0.63,12.0,0.0,7.56,0
B2B,0.88,97.0,0.05,81.09000000000002,1
B2C,2.35,15.0,0.0,35.25,0
B2C,0.46,2.0,0.0,0.92,0
B2C,35.52,12.0,0.0,426.24,0
B2C,1.66,6.0,0.0,9.960000000000003,0
B2C,1.99,5.0,0.0,9.949999999999998,0
B2B,0.68,22.0,0.15,12.72,1
B2C,57.11,6.0,0.0,342.66,0
B2C,2.34,6.0,0.0,14.04,0
B2C,2.31,13.0,0.0,30.03,0
B2B,1.4,5.0,0.05,6.65,1
B2C,0.93,7.000000000000001,0.0,6.51,0
B2B,3.24,6.0,0.05,18.47,1
B2C,3.02,5.0,0.0,15.099999999999998,0
B2C,0.93,6.0,0.0,5.579999999999999,0
B2C,0.55,11.0,0.0,6.05,0
B2C,57.11,2.0,0.0,114.22,0
B2B,2.36,35.0,0.1,74.34,1
B2C,0.96,3.0,0.0,2.8800000000000003,0
B2C,0.58,13.0,0.0,7.54,0
B2B,2.07,23.0,0.05,45.23,1
B2C,57.11,15.0,0.0,856.65,0
B2C,60.58,10.0,0.0,605.8,0
B2C,4.32,15.0,0.0,64.8,0
B2B,1.32,5.0,0.1,5.9399999999999995,1
B2B,1.37,68.0,0.15,79.19,1
B2C,2.24,14.000000000000002,0.0,31.36,0
B2B,0.73,60.0,0.1,39.42,1
B2C,2.38,12.0,0.0,28.56,0
B2C,1.8599999999999999,8.0,0.0,14.880000000000003,0
B2B,0.79,62.0,0.1,44.08,1
B2B,4.98,38.0,0.05,179.78,1
B2C,8.83,7.000000000000001,0.0,61.81,0
B2C,0.89,13.0,0.0,11.57,0
B2C,2.22,6.0,0.0,13.32,0
B2B,2.54,19.0,0.1,43.43,1
B2C,4.74,12.0,0.0,56.88,0
B2C,109.19,3.0,0.0,327.57,0
B2C,0.93,13.0,0.0,12.09,0
B2B,10.069999999999999,14.000000000000002,0.1,126.88,1
B2C,1.24,15.0,0.0,18.6,0
B2C,0.55,13.0,0.0,7.15,0
B2C,2.13,12.0,0.0,25.56,0
B2B,1.31,1.0,0.05,1.2399999999999998,1
B2C,0.99,9.0,0.0,8.91,0
B2C,1.75,2.0,0.0,3.5,0
B2C,3.43,9.0,0.0,30.87,0
B2B,1.11,96.0,0.1,95.9,1
B2C,3.46,10.0,0.0,34.6,0
B2B,0.62,73.0,0.1,40.730000000000004,1
B2C,0.99,6.0,0.0,5.9399999999999995,0
B2C,0.47,10.0,0.0,4.7,0
B2C,1.59,5.0,0.0,7.95,0
B2B,1.59,83.0,0.1,118.77,1
B2C,12.58,4.0,0.0,50.32,0
B2C,8.83,10.0,0.0,88.3,0
B2B,0.74,7.000000000000001,0.05,4.92,1
B2C,0.96,4.0,0.0,3.8399999999999994,0
B2C,3.67,13.0,0.0,47.71,0
B2C,3.12,9.0,0.0,28.08,0
B2C,1.27,8.0,0.0,10.16,0
B2B,3.11,95.0,0.1,265.9,1
B2C,0.59,15.0,0.0,8.85,0
B2C,35.52,5.0,0.0,177.6,0
B2C,1.26,9.0,0.0,11.34,0
B2B,0.64,10.0,0.15,5.44,1
B2C,2.12,4.0,0.0,8.48,0
B2C,3.12,14.000000000000002,0.0,43.68,0
B2C,2.45,4.0,0.0,9.8,0
B2B,2.71,45.0,0.05,115.85,1
B2C,1.59,15.0,0.0,23.85,0
B2C,1.74,8.0,0.0,13.92,0
B2C,0.57,7.000000000000001,0.0,3.99,0
B2C,2.19,14.000000000000002,0.0,30.659999999999997,0
B2C,1.01,9.0,0.0,9.09,0
B2C,1.08,15.0,0.0,16.2,0
B2C,3.56,14.000000000000002,0.0,49.84,0
B2C,13.84,14.000000000000002,0.0,193.76,0
B2C,1.07,5.0,0.0,5.349999999999999,0
B2B,1.4699999999999998,14.000000000000002,0.05,19.55,1
B2C,1.3799999999999997,7.000000000000001,0.0,9.66,0
B2B,0.73,21.0,0.05,14.56,1
B2B,1.01,77.0,0.1,69.99,1
B2C,112.46,9.0,0.0,1012.14,0
B2C,3.31,14.000000000000002,0.0,46.339999999999996,0
B2C,1.64,11.0,0.0,18.04,0
B2B,0.62,13.0,0.05,7.66,1
B2C,4.35,14.000000000000002,0.0,60.9,0
B2B,0.98,51.00000000000001,0.1,44.98,1
B2C,2.13,2.0,0.0,4.26,0
B2C,2.45,14.000000000000002,0.0,34.3,0
B2B,1.5599999999999998,22.0,0.05,32.6,1
B2C,1.54,10.0,0.0,15.400000000000002,0
B2C,3.12,7.000000000000001,0.0,21.84,0
B2C,1.2,3.0,0.0,3.6,0
B2C,3.43,4.0,0.0,13.72,0
B2B,0.98,25.0,0.1,22.05,1
B2C,1.23,1.0,0.0,1.23,0
B2C,0.99,13.0,0.0,12.87,0
B2C,2.34,12.0,0.0,28.08,0
B2B,0.89,28.000000000000004,0.05,23.67,1
B2B,1.9699999999999998,79.0,0.1,140.07,1
B2B,32.12,28.999999999999996,0.05,884.91,1
B2C,2.04,11.0,0.0,22.44,0
B2C,0.59,7.000000000000001,0.0,4.13,0
B2C,68.53,15.0,0.0,1027.95,0
B2B,2.85,23.0,0.05,62.27,1
B2C,4.32,7.000000000000001,0.0,30.24,0
B2C,4.88,15.0,0.0,73.2,0
B2C,2.31,3.0,0.0,6.93,0
B2C,0.61,9.0,0.0,5.49,0
B2B,1.05,52.0,0.05,51.87,1
B2B,11.66,100.0,0.1,1049.4,1
B2B,0.79,24.0,0.05,18.01,1
B2C,1.24,8.0,0.0,9.919999999999998,0
B2C,1.8599999999999999,5.0,0.0,9.3,0
B2C,8.05,13.0,0.0,104.65,0
B2C,0.53,4.0,0.0,2.12,0
B2B,2.98,48.0,0.1,128.74,1
B2C,0.56,11.0,0.0,6.16,0
B2C,1.59,10.0,0.0,15.9,0
B2B,2.48,6.0,0.05,14.14,1
B2C,4.07,11.0,0.0,44.77,0
B2B,2.32,13.0,0.05,28.65,1
B2B,4.22,97.0,0.1,368.41,1
B2B,0.92,31.0,0.1,25.67,1
B2C,0.93,6.0,0.0,5.579999999999999,0
B2B,0.6,45.0,0.05,25.65,1
B2B,3.79,69.0,0.1,235.36,1
B2C,3.21,11.0,0.0,35.31,0
B2B,2.58,11.0,0.05,26.96,1
B2C,2.05,11.0,0.0,22.55,0
B2B,2.44,14.000000000000002,0.05,32.45,1
B2B,1.39,11.0,0.1,13.76,1
B2C,3.21,8.0,0.0,25.68,0
B2C,3.12,9.0,0.0,28.08,0
B2C,3.12,13.0,0.0,40.56,0
B2B,8.98,90.0,0.15,686.97,1
B2B,1.01,36.0,0.05,34.54,1
B2B,2.21,28.000000000000004,0.05,58.79,1
B2C,9.09,1.0,0.0,9.09,0
B2C,3.02,5.0,0.0,15.099999999999998,0
B2C,1.75,6.0,0.0,10.5,0
B2C,3.46,5.0,0.0,17.3,0
B2B,0.52,49.0,0.1,22.93,1
B2C,3.11,15.0,0.0,46.65,0
B2B,57.89,68.0,0.15,3346.04,1
B2C,2.34,11.0,0.0,25.74,0
B2B,1.14,94.0,0.05,101.80000000000001,1
B2C,0.49,2.0,0.0,0.98,0
B2C,8.05,14.000000000000002,0.0,112.7,0
B2C,0.56,8.0,0.0,4.48,0
B2C,37.69,1.0,0.0,37.69,0
B2C,3.31,4.0,0.0,13.24,0
B2C,3.43,5.0,0.0,17.15,0
B2C,36.59,8.0,0.0,292.72,0
B2B,2.16,10.0,0.05,20.52,1
B2B,1.22,23.0,0.05,26.66,1
B2C,1.99,13.0,0.0,25.87,0
B2C,12.96,10.0,0.0,129.6,0
B2C,1.59,9.0,0.0,14.31,0
B2C,1.66,3.0,0.0,4.980000000000001,0
B2C,13.84,5.0,0.0,69.2,0
B2C,1.23,9.0,0.0,11.07,0
B2C,3.21,4.0,0.0,12.84,0
B2C,2.31,5.0,0.0,11.55,0
B2C,1.69,2.0,0.0,3.38,0
B2B,1.5599999999999998,74.0,0.1,103.89999999999999,1
B2B,2.26,4.0,0.05,8.59,1
B2C,0.91,8.0,0.0,7.28,0
B2C,35.65,3.0,0.0,106.95,0
B2B,1.29,25.0,0.05,30.64,1
B2C,3.12,3.0,0.0,9.36,0
B2C,1.49,6.0,0.0,8.94,0
B2B,2.34,22.0,0.05,48.91,1
B2C,2.11,8.0,0.0,16.88,0
B2C,13.35,7.000000000000001,0.0,93.45,0
B2B,0.92,73.0,0.05,63.800000000000004,1
B2B,1.04,3.0,0.05,2.96,1
B2C,3.56,2.0,0.0,7.12,0
B2B,0.33,56.00000000000001,0.05,17.56,1
B2C,1.64,11.0,0.0,18.04,0
B2C,1.4199999999999997,9.0,0.0,12.78,0
B2C,3.11,9.0,0.0,27.990000000000002,0
B2B,1.5000000000000002,55.0,0.1,74.25,1
B2B,3.5,26.0,0.05,86.45,1
B2C,8.29,8.0,0.0,66.32,0
B2C,0.61,6.0,0.0,3.66,0
B2C,1.4199999999999997,6.0,0.0,8.52,0
B2C,13.84,12.0,0.0,166.07999999999998,0
B2C,3.67,2.0,0.0,7.340000000000001,0
B2C,9.09,6.0,0.0,54.53999999999999,0
B2C,2.22,3.0,0.0,6.66,0
B2C,1.23,9.0,0.0,11.07,0
B2C,3.67,3.0,0.0,11.01,0
B2B,11.87,18.0,0.1,192.29,1
B2B,1.4,9.0,0.1,11.34,1
B2B,2.18,50.0,0.05,103.55,1
B2C,0.59,10.0,0.0,5.9,0
B2B,3.69,54.0,0.1,179.33,1
B2B,1.65,64.0,0.1,95.03999999999999,1
B2C,0.86,13.0,0.0,11.18,0
B2C,4.48,3.0,0.0,13.439999999999998,0
B2B,1.8899999999999997,33.0,0.1,56.13000000000001,1
B2C,2.45,9.0,0.0,22.05,0
B2C,1.8,5.0,0.0,9.0,0
B2C,0.55,4.0,0.0,2.2,0
B2B,2.11,69.0,0.15,123.75,1
B2C,109.19,14.000000000000002,0.0,1528.6599999999999,0
B2C,1.16,4.0,0.0,4.64,0
B2C,3.23,12.0,0.0,38.76,0
B2B,2.11,19.0,0.1,36.08,1
B2C,2.45,6.0,0.0,14.7,0
B2C,3.31,4.0,0.0,13.24,0
B2C,1.99,10.0,0.0,19.899999999999995,0
B2C,2.34,14.000000000000002,0.0,32.76,0
B2C,0.58,12.0,0.0,6.96,0
B2B,3.27,85.0,0.1,250.16,1
B2C,3.11,12.0,0.0,37.32,0
B2C,1.7099999999999997,15.0,0.0,25.65,0
B2C,1.04,1.0,0.0,1.04,0
B2C,1.07,10.0,0.0,10.699999999999998,0
B2B,2.56,19.0,0.1,43.78,1
B2C,2.31,15.0,0.0,34.65,0
B2B,1.9299999999999997,89.0,0.1,154.59,1
B2C,3.12,9.0,0.0,28.08,0
B2C,1.66,5.0,0.0,8.3,0
B2C,1.59,15.0,0.0,23.85,0
B2C,3.21,1.0,0.0,3.21,0
B2B,30.53,90.0,0.1,2472.93,1
B2B,3.31,84.0,0.05,264.14,1
B2B,6.08,26.0,0.05,150.18,1
B2C,1.21,4.0,0.0,4.84,0
B2C,1.02,9.0,0.0,9.18,0
B2C,0.86,4.0,0.0,3.44,0
B2C,2.38,5.0,0.0,11.9,0
B2C,0.56,8.0,0.0,4.48,0
B2B,2.81,3.0,0.05,8.01,1
B2C,3.31,3.0,0.0,9.93,0
B2B,1.5599999999999998,61.0,0.05,90.4,1
B2C,0.86,11.0,0.0,9.46,0
B2B,1.09,10.0,0.05,10.36,1
B2B,10.86,65.0,0.1,635.31,1
B2C,0.96,3.0,0.0,2.8800000000000003,0
B2C,1.05,6.0,0.0,6.3,0
B2B,2.91,1.0,0.05,2.76,1
B2B,41.75,79.0,0.1,2968.42,1
B2C,34.61,1.0,0.0,34.61,0
B2B,1.24,4.0,0.05,4.71,1
B2C,0.55,2.0,0.0,1.1,0
B2C,1.26,13.0,0.0,16.38,0
B2C,1.5099999999999998,4.0,0.0,6.04,0
B2C,1.23,11.0,0.0,13.53,0
B2B,1.1,12.0,0.05,12.54,1
B2C,1.69,15.0,0.0,25.35,0
B2B,0.79,52.0,0.1,36.97,1
B2B,1.04,28.999999999999996,0.05,28.65,1
B2C,0.99,14.000000000000002,0.0,13.86,0
B2C,0.86,3.0,0.0,2.58,0
B2C,1.99,9.0,0.0,17.91,0
B2C,2.19,10.0,0.0,21.9,0
B2B,1.8099999999999998,63.00000000000001,0.1,102.63,1
B2C,1.59,11.0,0.0,17.49,0
B2C,3.43,8.0,0.0,27.44,0
B2C,3.12,7.000000000000001,0.0,21.84,0
B2C,1.9399999999999997,9.0,0.0,17.46,0
B2C,3.21,14.000000000000002,0.0,44.94,0
B2C,1.8599999999999999,5.0,0.0,9.3,0
B2B,2.02,49.0,0.05,94.03,1
B2C,2.13,10.0,0.0,21.3,0
B2C,35.65,10.0,0.0,356.5,0
B2C,3.02,9.0,0.0,27.18,0
B2B,1.04,63.00000000000001,0.15,55.69,1
B2C,2.38,4.0,0.0,9.52,0
B2B,0.7,40.0,0.05,26.6,1
B2C,0.63,13.0,0.0,8.19,0
B2C,51.76,9.0,0.0,465.84,0
B2C,1.09,9.0,0.0,9.81,0
B2C,0.56,13.0,0.0,7.28,0
B2B,0.61,66.0,0.1,36.23,1
B2B,32.5,95.0,0.1,2778.75,1
B2C,3.46,10.0,0.0,34.6,0
B2C,0.58,4.0,0.0,2.32,0
B2C,0.56,6.0,0.0,3.3599999999999994,0
B2C,1.64,10.0,0.0,16.4,0
B2C,36.59,8.0,0.0,292.72,0
B2C,51.76,15.0,0.0,776.4,0
B2C,5.03,11.0,0.0,55.330000000000005,0
B2B,1.08,63.00000000000001,0.05,64.64,1
B2C,0.49,1.0,0.0,0.49,0
B2C,1.33,2.0,0.0,2.6599999999999997,0
B2B,2.61,65.0,0.1,152.68,1
B2B,1.57,65.0,0.1,91.84,1
B2C,3.21,9.0,0.0,28.89,0
B2C,2.12,2.0,0.0,4.24,0
B2B,1.4299999999999997,84.0,0.1,108.11,1
B2C,1.4599999999999997,4.0,0.0,5.839999999999999,0
B2C,2.05,2.0,0.0,4.1,0
B2C,1.75,1.0,0.0,1.75,0
B2C,0.93,3.0,0.0,2.7899999999999996,0
B2C,1.31,10.0,0.0,13.1,0
B2B,3.47,16.0,0.1,49.97,1
B2B,1.33,36.0,0.1,43.089999999999996,1
B2C,3.56,11.0,0.0,39.16,0
B2C,1.4599999999999997,6.0,0.0,8.76,0
B2B,1.29,21.0,0.05,25.74,1
B2C,1.6299999999999997,1.0,0.0,1.63,0
B2C,1.1,12.0,0.0,13.2,0
B2C,1.59,8.0,0.0,12.72,0
B2B,32.58,94.0,0.1,2756.2700000000004,1
B2C,4.32,11.0,0.0,47.519999999999996,0
B2C,2.22,2.0,0.0,4.44,0
B2B,0.74,15.0,0.1,9.990000000000002,1
B2B,0.79,14.000000000000002,0.05,10.510000000000002,1
B2C,3.67,2.0,0.0,7.340000000000001,0
B2C,1.64,5.0,0.0,8.2,0
B2C,0.56,9.0,0.0,5.04,0
B2C,1.8799999999999997,7.000000000000001,0.0,13.16,0
B2C,1.8599999999999999,7.000000000000001,0.0,13.02,0
B2C,1.59,10.0,0.0,15.9,0
B2C,1.05,2.0,0.0,2.1,0
B2C,0.93,3.0,0.0,2.7899999999999996,0
B2B,1.5999999999999999,98.0,0.15,133.28,1
B2B,16.91,12.0,0.05,192.77,1
B2B,0.54,42.0,0.05,21.55,1
B2C,109.19,13.0,0.0,1419.47,0
B2C,1.31,9.0,0.0,11.79,0
B2C,3.33,9.0,0.0,29.97,0
B2B,30.81,44.0,0.05,1287.8599999999997,1
B2C,3.21,7.000000000000001,0.0,22.47,0
B2C,1.64,2.0,0.0,3.28,0
B2C,0.46,2.0,0.0,0.92,0
B2B,1.32,2.0,0.05,2.51,1
B2C,13.84,2.0,0.0,27.68,0
B2C,3.12,14.000000000000002,0.0,43.68,0
B2B,1.4599999999999997,17.0,0.05,23.58,1
B2B,2.43,13.0,0.05,30.01,1
B2B,0.54,17.0,0.05,8.72,1
B2B,1.53,14.000000000000002,0.05,20.35,1
B2C,1.12,7.000000000000001,0.0,7.84,0
B2C,1.16,14.000000000000002,0.0,16.24,0
B2C,2.45,10.0,0.0,24.5,0
B2B,0.38,34.0,0.05,12.270000000000001,1
B2C,2.11,2.0,0.0,4.22,0
B2B,1.1,86.0,0.15,80.41,1
B2C,0.47,5.0,0.0,2.35,0
B2B,0.98,85.0,0.1,74.97,1
B2C,1.58,1.0,0.0,1.58,0
B2C,4.07,14.000000000000002,0.0,56.98,0
B2B,2.27,57.99999999999999,0.1,118.49,1
B2C,2.34,7.000000000000001,0.0,16.38,0
B2B,1.9,17.0,0.1,29.07,1
B2C,2.24,5.0,0.0,11.2,0
B2C,3.31,5.0,0.0,16.55,0
B2C,58.82,13.0,0.0,764.66,0
B2C,3.67,15.0,0.0,55.04999999999999,0
B2B,3.77,86.0,0.1,291.8,1
B2B,2.77,32.0,0.1,79.78,1
B2C,1.4599999999999997,11.0,0.0,16.06,0
B2B,0.68,63.00000000000001,0.05,40.7,1
B2C,3.21,1.0,0.0,3.21,0
B2C,0.63,4.0,0.0,2.52,0
B2C,1.59,1.0,0.0,1.59,0
B2C,1.9199999999999997,7.000000000000001,0.0,13.439999999999998,0
B2C,3.33,9.0,0.0,29.97,0
B2B,1.7199999999999998,57.99999999999999,0.1,89.78,1
B2C,2.9300000000000006,12.0,0.0,35.16,0
B2B,1.9,69.0,0.1,117.99,1
B2C,1.69,13.0,0.0,21.97,0
B2C,3.31,14.000000000000002,0.0,46.339999999999996,0
B2C,14.26,3.0,0.0,42.78,0
B2B,1.37,44.0,0.1,54.25,1
B2B,2.17,48.0,0.05,98.95,1
B2C,0.86,15.0,0.0,12.9,0
B2B,1.1,77.0,0.1,76.23,1
B2C,1.27,11.0,0.0,13.97,0
B2B,2.94,2.0,0.1,5.29,1
B2B,1.22,84.0,0.1,92.23,1
B2B,3.43,43.0,0.05,140.12,1
B2C,1.6299999999999997,13.0,0.0,21.19,0
B2B,1.69,93.0,0.1,141.45,1
B2B,3.65,55.0,0.15,170.64,1
B2C,0.99,15.0,0.0,14.85,0
B2C,1.75,14.000000000000002,0.0,24.5,0
B2C,106.01,2.0,0.0,212.02,0
B2B,0.42,32.0,0.15,11.419999999999998,1
B2C,1.6299999999999997,8.0,0.0,13.04,0
B2C,0.47,15.0,0.0,7.05,0
B2B,1.18,41.0,0.05,45.96000000000001,1
B2C,1.75,6.0,0.0,10.5,0
B2B,0.69,16.0,0.05,10.49,1
B2C,3.21,7.000000000000001,0.0,22.47,0
B2C,1.33,3.0,0.0,3.99,0
B2B,2.58,63.00000000000001,0.1,146.29,1
B2B,1.11,88.0,0.1,87.91,1
B2C,1.01,11.0,0.0,11.11,0
B2C,1.07,12.0,0.0,12.84,0
B2C,2.27,2.0,0.0,4.54,0
B2C,1.33,10.0,0.0,13.3,0
B2C,2.34,10.0,0.0,23.4,0
B2C,0.46,11.0,0.0,5.06,0
B2B,0.64,39.0,0.1,22.460000000000004,1
B2C,4.35,2.0,0.0,8.7,0
B2C,0.89,4.0,0.0,3.56,0
B2C,1.66,2.0,0.0,3.32,0
B2C,1.7099999999999997,5.0,0.0,8.55,0
B2B,3.88,28.000000000000004,0.1,97.78,1
B2C,3.11,3.0,0.0,9.33,0
B2C,1.4599999999999997,11.0,0.0,16.06,0
B2C,0.55,3.0,0.0,1.65,0
B2C,3.56,14.000000000000002,0.0,49.84,0
B2C,0.53,5.0,0.0,2.65,0
B2C,1.23,9.0,0.0,11.07,0
B2C,3.31,7.000000000000001,0.0,23.169999999999998,0
B2C,0.62,4.0,0.0,2.4799999999999995,0
B2C,1.12,3.0,0.0,3.3599999999999994,0
B2C,1.23,8.0,0.0,9.84,0
B2C,4.32,15.0,0.0,64.8,0
B2C,3.11,3.0,0.0,9.33,0
B2C,8.29,9.0,0.0,74.61,0
B2B,0.95,25.0,0.05,22.56,1
B2C,3.21,7.000000000000001,0.0,22.47,0
B2B,3.31,20.0,0.05,62.88999999999999,1
B2B,2.12,51.00000000000001,0.05,102.71000000000001,1
B2B,1.9299999999999997,14.000000000000002,0.05,25.67,1
B2C,3.31,5.0,0.0,16.55,0
B2C,1.24,5.0,0.0,6.199999999999999,0
B2C,0.53,3.0,0.0,1.59,0
B2B,2.92,70.0,0.15,173.74,1
B2C,4.32,14.000000000000002,0.0,60.48,0
B2C,1.8599999999999999,12.0,0.0,22.319999999999997,0
B2C,4.35,3.0,0.0,13.05,0
B2C,0.91,12.0,0.0,10.92,0
B2C,4.22,15.0,0.0,63.3,0
B2C,0.96,12.0,0.0,11.520000000000001,0
B2B,1.58,34.0,0.05,51.029999999999994,1
B2C,0.58,15.0,0.0,8.7,0
B2C,0.49,4.0,0.0,1.96,0
B2C,3.46,9.0,0.0,31.14,0
B2C,3.46,1.0,0.0,3.46,0
B2B,0.76,43.0,0.05,31.05,1
B2C,1.21,3.0,0.0,3.63,0
B2C,5.03,12.0,0.0,60.36,0
B2B,0.78,98.99999999999999,0.1,69.5,1
B2C,2.45,9.0,0.0,22.05,0
B2C,0.58,14.000000000000002,0.0,8.12,0
B2B,1.0,98.0,0.1,88.2,1
B2C,112.46,12.0,0.0,1349.52,0
B2B,1.3499999999999999,48.0,0.05,61.56,1
B2C,37.69,12.0,0.0,452.28,0
B2C,1.04,1.0,0.0,1.04,0
B2B,2.88,48.0,0.1,124.42,1
B2C,0.99,10.0,0.0,9.9,0
B2C,1.5099999999999998,13.0,0.0,19.63,0
B2C,3.56,1.0,0.0,3.56,0
B2C,0.96,9.0,0.0,8.64,0
B2C,1.8599999999999999,12.0,0.0,22.319999999999997,0
B2C,1.66,2.0,0.0,3.32,0
B2B,3.06,62.0,0.05,180.22999999999996,1
B2C,1.01,12.0,0.0,12.12,0
B2C,0.56,8.0,0.0,4.48,0
B2B,1.26,50.0,0.05,59.85,1
B2C,0.62,8.0,0.0,4.959999999999999,0
B2C,0.61,6.0,0.0,3.66,0
B2C,2.9300000000000006,13.0,0.0,38.09,0
B2C,1.8599999999999999,6.0,0.0,11.159999999999998,0
B2C,0.59,9.0,0.0,5.31,0
B2C,2.05,12.0,0.0,24.6,0
B2C,50.25,4.0,0.0,201.00000000000003,0
B2B,1.66,7.000000000000001,0.05,11.04,1
B2C,2.45,8.0,0.0,19.6,0
B2C,1.12,14.000000000000002,0.0,15.68,0
B2C,1.37,2.0,0.0,2.74,0
B2C,1.4099999999999997,2.0,0.0,2.82,0
B2B,3.35,63.00000000000001,0.15,179.39,1
B2C,3.21,1.0,0.0,3.21,0
B2C,1.4599999999999997,12.0,0.0,17.52,0
B2B,1.03,87.0,0.05,85.13,1
B2B,2.8,50.0,0.1,126.0,1
B2C,1.6099999999999999,10.0,0.0,16.1,0
B2C,112.46,1.0,0.0,112.45999999999998,0
B2C,1.18,8.0,0.0,9.44,0
B2B,0.35,18.0,0.05,5.98,1
B2C,2.21,2.0,0.0,4.42,0
B2C,0.59,14.000000000000002,0.0,8.26,0
B2C,0.57,5.0,0.0,2.85,0
B2B,2.01,85.0,0.15,145.22,1
B2C,0.55,9.0,0.0,4.95,0
B2B,3.04,14.000000000000002,0.05,40.43,1
B2C,1.19,3.0,0.0,3.57,0
B2C,8.05,7.000000000000001,0.0,56.35,0
B2C,4.88,13.0,0.0,63.44,0
B2C,1.7099999999999997,12.0,0.0,20.52,0
B2C,1.6299999999999997,3.0,0.0,4.89,0
B2C,0.89,2.0,0.0,1.78,0
B2C,1.09,15.0,0.0,16.35,0
B2C,1.6099999999999999,15.0,0.0,24.15,0
B2B,51.9,69.0,0.15,3043.94,1
B2C,0.46,1.0,0.0,0.46,0
B2C,1.24,1.0,0.0,1.2399999999999998,0
B2C,1.6299999999999997,2.0,0.0,3.26,0
B2C,1.19,8.0,0.0,9.52,0
B2C,1.31,8.0,0.0,10.480000000000002,0
B2C,1.99,1.0,0.0,1.9900000000000002,0
B2C,13.35,15.0,0.0,200.25,0
B2B,12.84,93.0,0.1,1074.71,1
B2C,0.93,1.0,0.0,0.9300000000000002,0
B2C,1.7099999999999997,4.0,0.0,6.84,0
B2C,13.44,3.0,0.0,40.32,0
B2B,0.59,65.0,0.05,36.43,1
B2C,1.9399999999999997,13.0,0.0,25.22,0
B2C,1.01,7.000000000000001,0.0,7.07,0
B2B,3.8,2.0,0.05,7.22,1
B2B,2.61,28.000000000000004,0.05,69.43,1
B2B,1.7699999999999998,80.0,0.1,127.44,1
B2B,2.75,72.0,0.05,188.1,1
B2C,1.1,6.0,0.0,6.6,0
B2C,1.75,6.0,0.0,10.5,0
B2C,0.96,13.0,0.0,12.48,0
B2B,0.68,6.0,0.05,3.88,1
B2C,2.04,8.0,0.0,16.32,0
B2C,1.1,8.0,0.0,8.8,0
B2C,0.62,14.000000000000002,0.0,8.68,0
B2B,1.83,22.0,0.05,38.25,1
B2B,0.53,72.0,0.1,34.34,1
B2C,0.58,8.0,0.0,4.64,0
B2C,3.12,4.0,0.0,12.48,0
B2C,1.23,5.0,0.0,6.15,0
B2B,1.4099999999999997,93.0,0.15,111.46,1
B2C,1.58,5.0,0.0,7.9,0
B2C,1.16,1.0,0.0,1.16,0
B2C,0.55,5.0,0.0,2.7500000000000004,0
B2B,2.52,67.0,0.05,160.4,1
B2B,18.77,25.0,0.05,445.79,1
B2C,0.46,11.0,0.0,5.06,0
B2C,1.8799999999999997,13.0,0.0,24.44,0
B2C,0.64,6.0,0.0,3.8399999999999994,0
B2C,3.67,5.0,0.0,18.35,0
B2C,0.56,5.0,0.0,2.8,0
B2B,0.8,1.0,0.05,0.76,1
B2B,1.7199999999999998,3.0,0.05,4.9,1
B2C,3.46,5.0,0.0,17.3,0
B2C,1.26,1.0,0.0,1.26,0
B2C,1.16,8.0,0.0,9.28,0
B2C,1.69,4.0,0.0,6.76,0
B2C,0.96,13.0,0.0,12.48,0
B2C,0.59,8.0,0.0,4.72,0
B2C,3.02,9.0,0.0,27.18,0
B2C,0.93,10.0,0.0,9.3,0
B2B,0.87,1.0,0.05,0.83,1
B2B,1.54,47.0,0.1,65.14,1
B2C,3.33,3.0,0.0,9.990000000000002,0
B2C,1.8,2.0,0.0,3.6,0
B2C,37.69,15.0,0.0,565.35,0
B2C,0.63,8.0,0.0,5.04,0
B2B,1.08,96.0,0.1,93.31,1
B2B,0.68,15.0,0.05,9.69,1
B2B,0.71,69.0,0.05,46.54,1
B2B,11.87,61.0,0.1,651.66,1
B2C,0.55,15.0,0.0,8.25,0
B2B,1.13,4.0,0.05,4.29,1
B2B,2.75,31.0,0.05,80.99,1
B2C,1.7099999999999997,15.0,0.0,25.65,0
B2C,0.89,8.0,0.0,7.12,0
B2C,48.79,4.0,0.0,195.16,0
B2B,0.72,36.0,0.15,22.03,1
B2C,3.56,4.0,0.0,14.24,0
B2C,3.23,14.000000000000002,0.0,45.22,0
B2C,3.33,14.000000000000002,0.0,46.62,0
B2B,2.21,21.0,0.05,44.09,1
B2B,1.15,50.0,0.05,54.62,1
B2C,1.99,7.000000000000001,0.0,13.930000000000001,0
B2C,3.46,7.000000000000001,0.0,24.22,0
B2C,0.96,10.0,0.0,9.6,0
B2C,1.2,12.0,0.0,14.4,0
B2C,3.11,12.0,0.0,37.32,0
B2B,0.94,47.0,0.1,39.76,1
B2C,4.88,12.0,0.0,58.56,0
B2C,1.8,6.0,0.0,10.8,0
B2B,0.94,62.0,0.1,52.45,1
B2B,1.17,60.0,0.05,66.69,1
B2C,1.16,10.0,0.0,11.6,0
B2B,2.74,100.0,0.1,246.6,1
B2B,2.98,15.0,0.1,40.23,1
B2C,3.12,1.0,0.0,3.12,0
B2C,1.23,7.000000000000001,0.0,8.61,0
B2C,9.09,10.0,0.0,90.9,0
B2C,2.11,13.0,0.0,27.43,0
B2B,1.32,86.0,0.15,96.49,1
B2C,2.21,3.0,0.0,6.63,0
B2C,1.2,11.0,0.0,13.2,0
B2B,4.55,69.0,0.15,266.86,1
B2B,2.48,72.0,0.15,151.78,1
B2B,1.0,73.0,0.1,65.7,1
B2C,0.58,4.0,0.0,2.32,0
B2C,1.7099999999999997,13.0,0.0,22.23,0
B2C,3.21,11.0,0.0,35.31,0
B2C,8.83,8.0,0.0,70.64,0
B2B,0.35,56.00000000000001,0.1,17.64,1
B2B,2.26,34.0,0.05,73.0,1
B2C,8.83,1.0,0.0,8.83,0
B2B,2.51,19.0,0.1,42.92,1
B2C,4.19,2.0,0.0,8.38,0
B2C,3.67,9.0,0.0,33.03,0
B2C,0.99,3.0,0.0,2.9699999999999998,0
B2C,1.99,10.0,0.0,19.899999999999995,0
B2C,1.05,12.0,0.0,12.6,0
B2B,2.53,36.0,0.05,86.52999999999999,1
B2B,1.26,94.0,0.15,100.67,1
B2C,2.35,3.0,0.0,7.05,0
B2C,4.35,7.000000000000001,0.0,30.45,0
B2C,2.27,11.0,0.0,24.97,0
B2B,2.28,11.0,0.05,23.83,1
B2B,0.68,31.0,0.05,20.03,1
B2B,1.58,22.0,0.05,33.02,1
B2C,35.52,5.0,0.0,177.6,0
B2B,2.07,57.0,0.1,106.19,1
B2C,1.4199999999999997,8.0,0.0,11.36,0
B2C,4.74,12.0,0.0,56.88,0
B2C,1.69,6.0,0.0,10.14,0
B2C,1.74,8.0,0.0,13.92,0
B2C,1.59,2.0,0.0,3.18,0
B2C,1.5099999999999998,2.0,0.0,3.02,0
B2C,0.53,14.000000000000002,0.0,7.419999999999999,0
B2C,1.3799999999999997,13.0,0.0,17.94,0
B2B,12.15,4.0,0.1,43.74000000000001,1
B2B,2.78,85.0,0.1,212.67,1
B2C,1.24,5.0,0.0,6.199999999999999,0
B2C,2.18,1.0,0.0,2.18,0
B2C,1.01,2.0,0.0,2.02,0
B2C,0.49,3.0,0.0,1.47,0
B2B,1.54,18.0,0.05,26.33,1
B2B,1.12,55.0,0.1,55.44,1
B2C,2.13,9.0,0.0,19.17,0
B2C,1.05,14.000000000000002,0.0,14.7,0
B2C,112.46,7.000000000000001,0.0,787.2200000000001,0
B2C,0.96,6.0,0.0,5.760000000000001,0
B2C,0.99,5.0,0.0,4.95,0
B2C,3.67,9.0,0.0,33.03,0
B2C,1.6099999999999999,2.0,0.0,3.22,0
B2B,1.2,18.0,0.05,20.52,1
B2C,3.31,10.0,0.0,33.1,0
B2B,1.5000000000000002,90.0,0.1,121.5,1
B2B,3.47,34.0,0.1,106.18,1
B2B,3.42,26.0,0.1,80.02999999999999,1
B2C,0.58,15.0,0.0,8.7,0
B2C,1.64,2.0,0.0,3.28,0
B2C,3.31,10.0,0.0,33.1,0
B2C,0.61,15.0,0.0,9.15,0
B2B,1.01,11.0,0.05,10.55,1
B2C,2.9300000000000006,14.000000000000002,0.0,41.02,0
B2C,0.96,14.000000000000002,0.0,13.439999999999998,0
B2C,2.45,10.0,0.0,24.5,0
B2C,1.69,1.0,0.0,1.69,0
B2C,3.31,15.0,0.0,49.65,0
B2C,1.16,8.0,0.0,9.28,0
B2C,3.31,2.0,0.0,6.62,0
B2C,12.58,6.0,0.0,75.48,0
B2C,2.38,1.0,0.0,2.38,0
B2C,1.6299999999999997,10.0,0.0,16.3,0
B2B,0.61,15.0,0.05,8.69,1
B2C,3.12,5.0,0.0,15.6,0
B2C,0.64,3.0,0.0,1.9199999999999997,0
B2B,1.84,92.0,0.15,143.89,1
B2C,3.56,2.0,0.0,7.12,0
B2C,1.31,12.0,0.0,15.72,0
B2C,1.64,2.0,0.0,3.28,0
B2C,3.02,13.0,0.0,39.26,0
B2B,4.06,87.0,0.1,317.9,1
B2C,1.4599999999999997,13.0,0.0,18.98,0
B2C,1.4599999999999997,4.0,0.0,5.839999999999999,0
B2B,3.6,59.0,0.1,191.16,1
B2C,0.86,2.0,0.0,1.72,0
B2B,1.05,59.0,0.1,55.76,1
B2B,2.14,36.0,0.05,73.19,1
B2B,1.28,59.0,0.1,67.97,1
B2B,2.46,26.0,0.05,60.76,1
B2C,37.69,1.0,0.0,37.69,0
B2C,0.89,4.0,0.0,3.56,0
B2B,1.22,52.99999999999999,0.05,61.43,1
B2C,1.33,3.0,0.0,3.99,0
B2C,0.99,3.0,0.0,2.9699999999999998,0
B2C,2.12,4.0,0.0,8.48,0
B2B,1.04,25.0,0.05,24.7,1
B2C,0.59,13.0,0.0,7.67,0
B2B,2.04,45.0,0.05,87.21,1
B2B,0.65,22.0,0.05,13.58,1
B2C,1.59,3.0,0.0,4.77,0
B2B,0.82,44.0,0.05,34.28,1
B2C,4.74,15.0,0.0,71.1,0
B2C,34.61,5.0,0.0,173.05,0
B2B,2.61,45.0,0.05,111.58,1
B2B,11.49,82.0,0.05,895.07,1
B2C,0.59,8.0,0.0,4.72,0
B2C,0.89,11.0,0.0,9.79,0
B2C,1.99,12.0,0.0,23.879999999999995,0
B2B,2.16,71.0,0.15,130.36,1
B2C,1.69,12.0,0.0,20.28,0
B2C,3.23,14.000000000000002,0.0,45.22,0
B2C,1.59,5.0,0.0,7.95,0
B2C,0.59,10.0,0.0,5.9,0
B2C,0.53,10.0,0.0,5.3,0
B2C,0.65,1.0,0.0,0.65,0
B2C,0.55,9.0,0.0,4.95,0
B2C,3.33,13.0,0.0,43.29,0
B2B,39.15,91.0,0.1,3206.38,1
B2C,1.4099999999999997,10.0,0.0,14.1,0
B2C,1.01,1.0,0.0,1.01,0
B2C,3.43,10.0,0.0,34.3,0
B2C,51.76,3.0,0.0,155.28,0
B2C,2.24,15.0,0.0,33.6,0
B2C,0.63,13.0,0.0,8.19,0
B2C,1.24,11.0,0.0,13.640000000000002,0
B2B,3.7,97.0,0.1,323.00999999999993,1
B2C,2.35,2.0,0.0,4.7,0
B2C,1.9399999999999997,8.0,0.0,15.52,0
B2C,1.16,8.0,0.0,9.28,0
B2C,8.54,11.0,0.0,93.94,0
B2C,2.9300000000000006,13.0,0.0,38.09,0
B2C,0.91,6.0,0.0,5.46,0
B2C,1.04,12.0,0.0,12.48,0
B2C,1.49,6.0,0.0,8.94,0
B2B,1.62,72.0,0.15,99.14,1
B2B,0.73,8.0,0.05,5.55,1
B2B,8.22,93.0,0.1,688.01,1
B2B,3.21,95.0,0.15,259.21,1
B2B,3.34,86.0,0.05,272.88,1
B2C,1.21,6.0,0.0,7.26,0
B2B,1.9799999999999998,48.0,0.1,85.54,1
B2B,2.49,32.0,0.1,71.71,1
B2C,0.99,1.0,0.0,0.99,0
B2C,3.23,3.0,0.0,9.69,0
B2C,0.86,5.0,0.0,4.3,0
B2C,1.7099999999999997,13.0,0.0,22.23,0
B2C,0.47,1.0,0.0,0.47,0
B2C,2.19,6.0,0.0,13.14,0
B2C,2.13,10.0,0.0,21.3,0
B2C,1.4599999999999997,3.0,0.0,4.38,0
B2C,3.31,11.0,0.0,36.41,0
B2B,2.66,1.0,0.05,2.53,1
B2C,3.31,8.0,0.0,26.48,0
B2B,3.44,75.0,0.1,232.19999999999996,1
B2B,0.56,41.0,0.1,20.66,1
B2C,2.19,2.0,0.0,4.38,0
B2C,0.99,13.0,0.0,12.87,0
B2C,0.93,1.0,0.0,0.9300000000000002,0
B2C,13.84,5.0,0.0,69.2,0
B2C,3.31,6.0,0.0,19.86,0
B2B,52.52,51.00000000000001,0.05,2544.59,1
B2C,0.89,5.0,0.0,4.45,0
B2C,1.19,3.0,0.0,3.57,0
B2C,3.02,14.000000000000002,0.0,42.28,0
B2C,1.23,3.0,0.0,3.69,0
B2C,1.8599999999999999,4.0,0.0,7.440000000000001,0
B2C,2.05,12.0,0.0,24.6,0
B2B,4.04,85.0,0.05,326.23,1
B2C,1.12,6.0,0.0,6.719999999999999,0
B2C,0.99,4.0,0.0,3.96,0
B2B,0.38,13.0,0.05,4.69,1
B2C,48.79,10.0,0.0,487.9,0
B2C,3.11,6.0,0.0,18.66,0
B2C,4.35,8.0,0.0,34.8,0
B2C,0.93,9.0,0.0,8.37,0
B2B,6.97,10.0,0.05,66.22,1
B2C,58.82,13.0,0.0,764.66,0
B2C,1.59,2.0,0.0,3.18,0
B2C,3.12,2.0,0.0,6.24,0
B2C,1.23,2.0,0.0,2.46,0
B2B,10.54,79.0,0.1,749.39,1
B2C,0.55,6.0,0.0,3.3,0
B2B,2.26,78.0,0.1,158.64999999999998,1
B2C,2.05,8.0,0.0,16.4,0
B2B,0.37,74.0,0.1,24.64,1
B2C,1.6299999999999997,3.0,0.0,4.89,0
B2C,3.21,1.0,0.0,3.21,0
B2C,3.31,1.0,0.0,3.31,0
B2B,6.45,50.0,0.1,290.25,1
B2B,38.54,56.00000000000001,0.1,1942.42,1
B2C,0.91,10.0,0.0,9.1,0
B2B,3.37,67.0,0.15,191.92,1
B2B,51.92,73.0,0.1,3411.14,1
B2B,2.57,72.0,0.15,157.28,1
B2C,0.49,8.0,0.0,3.92,0
B2C,0.49,1.0,0.0,0.49,0
B2B,2.27,49.0,0.05,105.67,1
B2C,2.9300000000000006,3.0,0.0,8.79,0
B2B,1.66,50.0,0.05,78.85,1
B2B,0.53,31.0,0.05,15.61,1
B2C,0.58,15.0,0.0,8.7,0
B2C,3.11,14.000000000000002,0.0,43.54,0
B2B,1.99,52.99999999999999,0.1,94.92,1
B2C,0.57,11.0,0.0,6.27,0
B2C,1.01,1.0,0.0,1.01,0
B2C,0.58,4.0,0.0,2.32,0
B2C,1.75,4.0,0.0,7.0,0
B2B,36.71,81.0,0.1,2676.16,1
B2B,2.48,100.0,0.1,223.2,1
B2B,1.91,77.0,0.1,132.36,1
B2B,34.93,61.0,0.15,1811.12,1
B2C,0.47,1.0,0.0,0.47,0
B2B,1.7599999999999998,57.99999999999999,0.1,91.87,1
B2C,2.28,1.0,0.0,2.28,0
B2C,1.75,15.0,0.0,26.25,0
B2C,1.21,8.0,0.0,9.68,0
B2B,2.03,38.0,0.05,73.28,1
B2C,50.25,4.0,0.0,201.00000000000003,0
B2B,0.48,22.0,0.05,10.03,1
B2B,0.78,31.0,0.05,22.970000000000002,1
B2B,28.99,51.00000000000001,0.1,1330.64,1
B2C,3.33,1.0,0.0,3.33,0
B2B,69.63,48.0,0.05,3175.13,1
B2C,3.67,2.0,0.0,7.340000000000001,0
B2B,0.66,19.0,0.05,11.909999999999998,1
B2C,60.58,7.000000000000001,0.0,424.05999999999995,0
B2C,3.67,9.0,0.0,33.03,0
B2C,4.48,4.0,0.0,17.92,0
B2C,2.19,2.0,0.0,4.38,0
B2C,1.19,9.0,0.0,10.710000000000003,0
B2C,1.23,3.0,0.0,3.69,0
B2C,0.56,11.0,0.0,6.16,0
B2C,0.64,1.0,0.0,0.64,0
B2C,1.07,1.0,0.0,1.07,0
B2B,0.81,69.0,0.15,47.510000000000005,1
B2C,0.55,12.0,0.0,6.6,0
B2C,2.34,1.0,0.0,2.34,0
B2B,2.26,27.0,0.05,57.97,1
B2B,50.04,49.0,0.05,2329.36,1
B2C,0.63,11.0,0.0,6.93,0
B2C,1.01,3.0,0.0,3.03,0
B2C,2.13,11.0,0.0,23.430000000000003,0
B2B,0.74,18.0,0.1,11.99,1
B2C,0.59,7.000000000000001,0.0,4.13,0
B2C,1.04,12.0,0.0,12.48,0
B2B,0.67,9.0,0.05,5.730000000000001,1
B2C,0.96,15.0,0.0,14.4,0
B2C,2.19,14.000000000000002,0.0,30.659999999999997,0
B2B,1.4599999999999997,88.0,0.1,115.63,1
B2C,58.82,6.0,0.0,352.92,0
B2C,0.57,11.0,0.0,6.27,0
B2B,0.56,5.0,0.05,2.6599999999999997,1
B2C,2.04,6.0,0.0,12.240000000000002,0
B2C,14.26,7.000000000000001,0.0,99.82,0
B2C,112.46,9.0,0.0,1012.14,0
B2C,13.44,6.0,0.0,80.64,0
B2C,3.02,9.0,0.0,27.18,0
B2B,2.3,18.0,0.05,39.33,1
B2C,2.05,8.0,0.0,16.4,0
B2C,1.53,9.0,0.0,13.77,0
B2B,3.19,22.0,0.05,66.67,1
B2C,1.66,5.0,0.0,8.3,0
B2C,1.66,14.000000000000002,0.0,23.24,0
B2C,0.96,4.0,0.0,3.8399999999999994,0
B2C,1.12,4.0,0.0,4.48,0
B2C,2.22,11.0,0.0,24.42,0
B2C,1.27,1.0,0.0,1.27,0
B2C,1.8599999999999999,7.000000000000001,0.0,13.02,0
B2C,0.99,5.0,0.0,4.95,0
B2C,1.58,7.000000000000001,0.0,11.06,0
B2B,1.02,88.0,0.1,80.78,1
B2C,1.74,9.0,0.0,15.660000000000002,0
B2B,2.2,5.0,0.05,10.45,1
B2C,0.63,13.0,0.0,8.19,0
B2C,1.2,9.0,0.0,10.8,0
B2B,1.7599999999999998,9.0,0.05,15.05,1
B2C,1.59,12.0,0.0,19.08,0
B2C,0.56,9.0,0.0,5.04,0
B2C,112.46,7.000000000000001,0.0,787.2200000000001,0
B2C,0.96,12.0,0.0,11.520000000000001,0
B2B,1.1,95.0,0.15,88.82,1
B2B,2.43,57.99999999999999,0.1,126.85,1
B2B,1.01,44.0,0.05,42.22,1
B2C,1.6299999999999997,5.0,0.0,8.15,0
B2B,1.59,43.0,0.1,61.53,1
B2C,1.4599999999999997,7.000000000000001,0.0,10.220000000000002,0
B2C,2.45,3.0,0.0,7.35,0
B2B,59.47,89.0,0.15,4498.91,1
B2C,0.63,15.0,0.0,9.45,0
B2B,1.05,72.0,0.1,68.04,1
B2B,1.25,85.0,0.1,95.62,1
B2C,0.55,15.0,0.0,8.25,0
B2C,0.57,10.0,0.0,5.7,0
B2B,1.9399999999999997,38.0,0.05,70.03,1
B2C,8.54,13.0,0.0,111.02,0
B2B,0.81,47.0,0.1,34.26,1
B2C,1.75,9.0,0.0,15.75,0
B2C,4.07,11.0,0.0,44.77,0
B2C,1.23,7.000000000000001,0.0,8.61,0
B2C,3.43,12.0,0.0,41.16,0
B2B,0.71,95.0,0.15,57.33,1
B2C,48.79,11.0,0.0,536.69,0
B2C,3.31,9.0,0.0,29.79,0
B2B,1.4199999999999997,98.99999999999999,0.1,126.52,1
B2C,1.6099999999999999,7.000000000000001,0.0,11.27,0
B2C,112.46,14.000000000000002,0.0,1574.4400000000003,0
B2C,3.21,6.0,0.0,19.26,0
B2C,1.4199999999999997,10.0,0.0,14.2,0
B2C,3.33,1.0,0.0,3.33,0
B2C,1.64,13.0,0.0,21.32,0
B2C,1.24,7.000000000000001,0.0,8.68,0
B2B,0.57,37.0,0.1,18.98,1
B2C,1.8,4.0,0.0,7.2,0
B2C,0.59,14.000000000000002,0.0,8.26,0
B2B,2.49,25.0,0.05,59.14,1
B2B,0.69,3.0,0.05,1.97,1
B2B,0.55,55.0,0.05,28.74,1
B2B,35.92,73.0,0.05,2491.05,1
B2C,1.9399999999999997,14.000000000000002,0.0,27.16,0
B2B,7.84,71.0,0.1,500.98,1
B2B,1.16,93.0,0.15,91.7,1
B2C,5.03,7.000000000000001,0.0,35.21,0
B2C,0.93,3.0,0.0,2.7899999999999996,0
B2C,1.2,2.0,0.0,2.4,0
B2B,2.68,40.0,0.1,96.48,1
B2C,3.12,9.0,0.0,28.08,0
B2C,2.45,7.000000000000001,0.0,17.15,0
B2B,0.57,24.0,0.05,13.0,1
B2C,1.04,14.000000000000002,0.0,14.56,0
B2C,0.59,10.0,0.0,5.9,0
B2B,2.31,89.0,0.1,185.03,1
B2C,14.26,8.0,0.0,114.08,0
B2C,1.2,2.0,0.0,2.4,0
B2C,1.4099999999999997,1.0,0.0,1.41,0
B2B,3.17,46.0,0.05,138.53,1
B2C,2.28,14.000000000000002,0.0,31.92,0
B2B,0.55,88.0,0.1,43.56,1
B2C,0.57,13.0,0.0,7.41,0
B2C,2.45,11.0,0.0,26.950000000000003,0
B2C,2.27,11.0,0.0,24.97,0
B2C,1.66,2.0,0.0,3.32,0
B2B,0.92,47.0,0.05,41.08,1
B2C,2.35,15.0,0.0,35.25,0
B2C,33.6,8.0,0.0,268.8,0
B2B,0.65,38.0,0.1,22.23,1
B2B,28.44,5.0,0.15,120.87,1
B2C,3.23,15.0,0.0,48.45,0
B2C,1.64,6.0,0.0,9.84,0
B2B,3.34,100.0,0.15,283.9,1
B2C,2.34,14.000000000000002,0.0,32.76,0
B2C,1.2,3.0,0.0,3.6,0
B2C,60.58,2.0,0.0,121.16,0
B2B,0.73,31.0,0.1,20.369999999999997,1
B2C,3.46,11.0,0.0,38.06,0
B2B,1.4,90.0,0.15,107.1,1
B2C,1.49,1.0,0.0,1.49,0
B2B,2.81,32.0,0.05,85.42,1
B2B,2.73,40.0,0.05,103.74,1
B2B,16.67,83.0,0.15,1176.07,1
B2C,4.22,9.0,0.0,37.98,0
B2C,1.21,1.0,0.0,1.21,0
B2C,0.58,1.0,0.0,0.58,0
B2C,112.46,6.0,0.0,674.76,0
B2C,1.26,14.000000000000002,0.0,17.64,0
B2C,2.9300000000000006,13.0,0.0,38.09,0
B2C,1.23,6.0,0.0,7.38,0
B2C,4.35,15.0,0.0,65.25,0
B2C,34.61,15.0,0.0,519.15,0
B2B,0.79,54.0,0.05,40.53,1
B2C,3.46,5.0,0.0,17.3,0
B2B,3.83,47.0,0.1,162.01,1
B2C,1.69,2.0,0.0,3.38,0
B2C,1.31,4.0,0.0,5.240000000000001,0
B2C,33.6,9.0,0.0,302.4,0
B2C,33.6,9.0,0.0,302.4,0
B2C,1.04,5.0,0.0,5.2,0
B2C,0.56,8.0,0.0,4.48,0
B2B,0.83,28.000000000000004,0.15,19.75,1
B2C,8.57,1.0,0.0,8.57,0
B2C,1.09,9.0,0.0,9.81,0
B2C,3.33,10.0,0.0,33.3,0
B2C,1.4599999999999997,10.0,0.0,14.6,0
B2C,2.31,2.0,0.0,4.62,0
B2C,3.23,10.0,0.0,32.3,0
B2C,3.12,8.0,0.0,24.96,0
B2C,1.14,14.000000000000002,0.0,15.96,0
B2B,77.76,37.0,0.05,2733.26,1
B2B,1.06,45.0,0.05,45.32,1
B2B,1.09,73.0,0.15,67.63,1
B2C,4.88,8.0,0.0,39.04,0
B2C,1.58,11.0,0.0,17.38,0
B2C,1.04,5.0,0.0,5.2,0
B2B,8.66,79.0,0.15,581.52,1
B2B,3.02,57.0,0.05,163.53,1
B2C,1.16,4.0,0.0,4.64,0
B2C,2.38,2.0,0.0,4.76,0
B2C,0.46,6.0,0.0,2.76,0
B2B,0.83,4.0,0.05,3.15,1
B2B,0.47,6.0,0.05,2.68,1
B2C,2.38,14.000000000000002,0.0,33.32,0
B2B,2.53,47.0,0.05,112.96,1
B2C,0.61,4.0,0.0,2.44,0
B2B,34.36,30.0,0.05,979.26,1
B2C,2.38,4.0,0.0,9.52,0
B2C,1.12,2.0,0.0,2.24,0
B2C,0.47,13.0,0.0,6.11,0
B2B,2.28,27.0,0.1,55.4,1
B2C,1.75,13.0,0.0,22.75,0
B2B,28.42,36.0,0.1,920.81,1
B2C,0.47,5.0,0.0,2.35,0
B2C,1.6099999999999999,11.0,0.0,17.71,0
B2B,4.73,8.0,0.05,35.95,1
B2C,0.91,6.0,0.0,5.46,0
B2C,1.8599999999999999,4.0,0.0,7.440000000000001,0
B2C,1.66,2.0,0.0,3.32,0
B2B,1.15,73.0,0.1,75.55,1
B2C,2.24,4.0,0.0,8.96,0
B2C,1.7099999999999997,9.0,0.0,15.39,0
B2C,0.99,13.0,0.0,12.87,0
B2C,1.09,12.0,0.0,13.08,0
B2C,3.23,6.0,0.0,19.38,0
B2C,3.67,4.0,0.0,14.680000000000001,0
B2C,1.07,13.0,0.0,13.91,0
B2C,33.6,11.0,0.0,369.6,0
B2B,2.4,34.0,0.1,73.44,1
B2C,12.58,11.0,0.0,138.38,0
B2B,3.89,74.0,0.1,259.07,1
B2C,4.07,5.0,0.0,20.35,0
B2B,3.28,55.0,0.1,162.36,1
B2C,1.59,15.0,0.0,23.85,0
B2B,3.6,57.0,0.1,184.68,1
B2B,2.27,50.0,0.05,107.82,1
B2C,1.27,2.0,0.0,2.54,0
B2C,1.9799999999999998,15.0,0.0,29.7,0
B2C,12.58,8.0,0.0,100.64,0
B2C,3.02,6.0,0.0,18.12,0
B2B,9.0,82.0,0.1,664.2,1
B2C,0.56,8.0,0.0,4.48,0
B2C,4.74,5.0,0.0,23.7,0
B2C,1.24,7.000000000000001,0.0,8.68,0
B2B,0.88,95.0,0.1,75.24,1
B2B,93.93,16.0,0.05,1427.74,1
B2B,31.9,57.0,0.1,1636.47,1
B2B,4.0,67.0,0.1,241.2,1
B2C,34.61,2.0,0.0,69.22,0
B2C,2.27,11.0,0.0,24.97,0
B2B,41.12,96.0,0.15,3355.3900000000003,1
B2B,71.24,24.0,0.05,1624.27,1
B2C,109.19,12.0,0.0,1310.28,0
B2C,33.6,13.0,0.0,436.8,0
B2C,1.24,1.0,0.0,1.2399999999999998,0
B2B,0.57,14.000000000000002,0.05,7.58,1
B2B,1.21,35.0,0.05,40.23,1
B2C,3.33,7.000000000000001,0.0,23.31,0
B2B,4.19,97.0,0.15,345.4700000000001,1
B2C,0.59,15.0,0.0,8.85,0
B2B,3.45,84.0,0.1,260.82,1
B2C,1.8799999999999997,11.0,0.0,20.68,0
B2B,1.8199999999999998,55.0,0.1,90.09,1
B2B,8.59,95.0,0.1,734.44,1
B2B,2.09,31.0,0.05,61.55,1
B2B,1.21,97.0,0.05,111.5,1
B2C,1.64,12.0,0.0,19.68,0
B2C,0.93,14.000000000000002,0.0,13.02,0
B2B,0.94,87.0,0.1,73.6,1
B2B,8.88,66.0,0.05,556.78,1
B2C,0.91,15.0,0.0,13.65,0
B2B,5.62,36.0,0.1,182.08999999999997,1
B2C,1.49,9.0,0.0,13.410000000000002,0
B2C,0.58,11.0,0.0,6.38,0
B2C,1.64,7.000000000000001,0.0,11.48,0
B2B,0.68,27.0,0.05,17.44,1
B2C,1.9199999999999997,15.0,0.0,28.8,0
B2C,2.35,11.0,0.0,25.850000000000005,0
B2C,3.12,3.0,0.0,9.36,0
B2C,1.7099999999999997,1.0,0.0,1.71,0
B2C,0.47,5.0,0.0,2.35,0
B2B,1.32,3.0,0.05,3.76,1
B2B,2.08,19.0,0.15,33.59,1
B2C,1.59,15.0,0.0,23.85,0
B2C,0.58,8.0,0.0,4.64,0
B2C,3.31,6.0,0.0,19.86,0
B2B,0.5,57.99999999999999,0.15,24.65,1
B2B,7.64,62.0,0.05,450.00000000000006,1
B2C,1.1,4.0,0.0,4.4,0
B2B,1.01,54.0,0.05,51.809999999999995,1
B2C,2.9300000000000006,10.0,0.0,29.300000000000004,0
B2C,1.02,14.000000000000002,0.0,14.28,0
B2C,8.83,1.0,0.0,8.83,0
B2B,1.83,83.0,0.05,144.3,1
B2B,22.1,47.0,0.1,934.83,1
B2C,3.46,5.0,0.0,17.3,0
B2B,1.7199999999999998,19.0,0.05,31.05,1
B2C,0.56,8.0,0.0,4.48,0
B2C,1.4599999999999997,2.0,0.0,2.9199999999999995,0
B2C,0.99,7.000000000000001,0.0,6.93,0
B2C,1.04,10.0,0.0,10.4,0
B2B,3.25,95.0,0.15,262.44,1
B2B,0.83,63.00000000000001,0.05,49.68,1
B2C,1.1,9.0,0.0,9.9,0
B2C,3.12,8.0,0.0,24.96,0
B2C,3.31,8.0,0.0,26.48,0
B2B,2.81,68.0,0.1,171.97,1
B2B,1.17,82.0,0.05,91.14,1
B2C,0.56,8.0,0.0,4.48,0
B2B,2.67,43.0,0.15,97.59,1
B2B,2.6,6.0,0.05,14.82,1
B2C,1.66,5.0,0.0,8.3,0
B2B,2.04,87.0,0.15,150.86,1
B2C,0.99,2.0,0.0,1.98,0
B2C,0.91,9.0,0.0,8.19,0
B2B,1.3799999999999997,66.0,0.05,86.52999999999999,1
B2C,0.93,8.0,0.0,7.440000000000001,0
B2C,1.4599999999999997,14.000000000000002,0.0,20.440000000000005,0
B2B,0.9,40.0,0.1,32.4,1
B2C,1.4599999999999997,3.0,0.0,4.38,0
B2C,0.86,3.0,0.0,2.58,0
B2C,0.57,5.0,0.0,2.85,0
B2C,106.01,15.0,0.0,1590.15,0
B2C,1.4599999999999997,6.0,0.0,8.76,0
B2C,2.05,3.0,0.0,6.15,0
B2C,1.8,13.0,0.0,23.4,0
B2B,1.5000000000000002,42.0,0.05,59.85,1
B2B,5.74,23.0,0.1,118.82,1
B2C,1.6099999999999999,15.0,0.0,24.15,0
B2C,2.21,6.0,0.0,13.26,0
B2C,0.86,11.0,0.0,9.46,0
B2B,1.19,30.0,0.05,33.91,1
B2B,0.81,55.0,0.1,40.1,1
B2C,0.61,4.0,0.0,2.44,0
B2C,13.44,2.0,0.0,26.879999999999995,0
B2B,2.27,26.0,0.1,53.12,1
B2B,6.44,48.0,0.1,278.21,1
B2B,1.05,48.0,0.1,45.36,1
B2C,0.56,3.0,0.0,1.6799999999999997,0
B2C,1.49,4.0,0.0,5.96,0
B2C,51.76,4.0,0.0,207.04,0
B2B,3.04,65.0,0.1,177.84,1
B2C,2.34,10.0,0.0,23.4,0
B2C,2.12,1.0,0.0,2.12,0
B2C,0.99,15.0,0.0,14.85,0
B2B,1.14,35.0,0.1,35.91,1
B2C,2.9300000000000006,5.0,0.0,14.650000000000002,0
B2C,1.12,5.0,0.0,5.6,0
B2C,2.21,1.0,0.0,2.21,0
B2B,1.9399999999999997,92.0,0.15,151.71,1
B2C,1.23,3.0,0.0,3.69,0
B2C,109.19,8.0,0.0,873.52,0
B2B,1.19,9.0,0.05,10.17,1
B2C,50.25,3.0,0.0,150.75,0
B2C,0.57,13.0,0.0,7.41,0
B2C,4.48,1.0,0.0,4.48,0
B2C,0.96,9.0,0.0,8.64,0
B2C,3.21,15.0,0.0,48.14999999999999,0
B2C,3.46,2.0,0.0,6.92,0
B2C,1.8599999999999999,10.0,0.0,18.6,0
B2B,23.81,57.0,0.15,1153.59,1
B2C,2.38,12.0,0.0,28.56,0
B2B,1.7599999999999998,82.0,0.1,129.89,1
B2C,9.09,5.0,0.0,45.45,0
B2C,3.21,11.0,0.0,35.31,0
B2C,0.46,8.0,0.0,3.68,0
B2C,3.43,10.0,0.0,34.3,0
B2B,2.57,31.0,0.1,71.7,1
B2C,1.75,1.0,0.0,1.75,0
B2B,1.83,18.0,0.05,31.29,1
B2B,0.87,98.0,0.1,76.73,1
B2B,1.9699999999999998,64.0,0.1,113.47,1
B2C,13.84,13.0,0.0,179.92,0
B2C,0.86,2.0,0.0,1.72,0
B2C,109.19,12.0,0.0,1310.28,0
B2C,1.6099999999999999,1.0,0.0,1.61,0
B2C,48.79,11.0,0.0,536.69,0
B2C,12.58,2.0,0.0,25.16,0
B2B,10.069999999999999,45.0,0.1,407.84,1
B2C,2.22,1.0,0.0,2.22,0
B2B,1.4,90.0,0.15,107.1,1
B2C,0.58,15.0,0.0,8.7,0
B2B,0.64,93.0,0.1,53.57,1
B2C,0.59,12.0,0.0,7.080000000000001,0
B2C,3.67,12.0,0.0,44.04,0
B2B,2.1,60.0,0.05,119.7,1
B2B,1.54,59.0,0.1,81.77,1
B2C,1.8599999999999999,1.0,0.0,1.8600000000000003,0
B2C,1.2,7.000000000000001,0.0,8.4,0
B2B,3.08,18.0,0.05,52.67,1
B2C,2.34,10.0,0.0,23.4,0
B2B,3.49,90.0,0.15,266.98,1
B2B,1.03,7.000000000000001,0.05,6.849999999999999,1
B2B,2.37,35.0,0.1,74.66,1
B2B,0.42,35.0,0.1,13.23,1
B2B,5.19,2.0,0.05,9.86,1
B2B,0.8,70.0,0.05,53.2,1
B2C,3.11,6.0,0.0,18.66,0
B2B,1.22,97.0,0.1,106.51,1
B2B,0.42,68.0,0.1,25.7,1
B2C,0.96,9.0,0.0,8.64,0
B2C,1.16,5.0,0.0,5.8,0
B2C,1.4199999999999997,10.0,0.0,14.2,0
B2C,0.63,13.0,0.0,8.19,0
B2C,51.76,1.0,0.0,51.76,0
B2C,1.04,11.0,0.0,11.44,0
B2B,51.81,13.0,0.05,639.85,1
B2C,2.38,12.0,0.0,28.56,0
B2C,4.74,5.0,0.0,23.7,0
B2C,1.8,10.0,0.0,18.0,0
B2C,3.43,13.0,0.0,44.59,0
B2C,1.66,1.0,0.0,1.66,0
B2C,0.63,9.0,0.0,5.67,0
B2B,2.2,40.0,0.05,83.6,1
B2B,0.88,59.0,0.05,49.32,1
B2C,1.4599999999999997,12.0,0.0,17.52,0
B2C,1.58,7.000000000000001,0.0,11.06,0
B2B,0.71,65.0,0.1,41.54,1
B2C,0.53,13.0,0.0,6.89,0
B2C,3.46,7.000000000000001,0.0,24.22,0
B2B,0.64,27.0,0.05,16.42,1
B2B,2.51,21.0,0.05,50.07,1
B2C,3.46,14.000000000000002,0.0,48.44,0
B2C,3.67,13.0,0.0,47.71,0
B2B,0.9,57.0,0.1,46.17,1
B2C,1.02,13.0,0.0,13.26,0
B2B,2.59,80.0,0.05,196.84000000000003,1
B2C,1.04,2.0,0.0,2.08,0
B2B,14.86,91.0,0.1,1217.03,1
B2C,3.33,1.0,0.0,3.33,0
B2B,1.2,75.0,0.1,81.0,1
B2B,1.17,47.0,0.1,49.49,1
B2C,1.64,1.0,0.0,1.64,0
B2C,1.64,14.000000000000002,0.0,22.96,0
B2B,1.57,41.0,0.05,61.15,1
B2C,3.11,7.000000000000001,0.0,21.77,0
B2C,1.7099999999999997,10.0,0.0,17.1,0
B2B,1.2,85.0,0.15,86.70000000000002,1
B2C,1.53,5.0,0.0,7.6499999999999995,0
B2C,0.56,4.0,0.0,2.24,0
B2C,0.59,5.0,0.0,2.95,0
B2C,1.5099999999999998,12.0,0.0,18.12,0
B2C,1.24,10.0,0.0,12.399999999999999,0
B2B,1.01,61.0,0.1,55.45,1
B2C,1.66,15.0,0.0,24.9,0
B2B,11.52,77.0,0.1,798.34,1
B2C,1.8799999999999997,7.000000000000001,0.0,13.16,0
B2B,10.03,30.0,0.05,285.85,1
B2B,2.52,22.0,0.1,49.9,1
B2C,112.46,13.0,0.0,1461.98,0
B2C,2.27,4.0,0.0,9.08,0
B2C,1.05,2.0,0.0,2.1,0
B2C,0.46,6.0,0.0,2.76,0
B2C,4.07,14.000000000000002,0.0,56.98,0
B2B,3.09,55.0,0.1,152.95,1
B2B,3.67,11.0,0.05,38.35,1
B2C,1.8,1.0,0.0,1.8,0
B2B,1.4,80.0,0.05,106.4,1
B2C,0.91,15.0,0.0,13.65,0
B2C,2.45,4.0,0.0,9.8,0
B2C,13.84,5.0,0.0,69.2,0
B2C,1.01,9.0,0.0,9.09,0
B2C,1.53,10.0,0.0,15.299999999999999,0
B2C,2.45,13.0,0.0,31.85,0
B2C,0.99,12.0,0.0,11.879999999999999,0
B2C,51.76,15.0,0.0,776.4,0
B2B,0.64,39.0,0.15,21.22,1
B2B,1.8899999999999997,54.0,0.05,96.96,1
B2C,0.61,1.0,0.0,0.61,0
B2C,4.74,10.0,0.0,47.4,0
B2C,0.55,10.0,0.0,5.500000000000001,0
B2C,36.59,10.0,0.0,365.9,0
B2B,1.6699999999999997,98.99999999999999,0.1,148.8,1
B2B,0.7500000000000001,15.0,0.15,9.56,1
B2C,0.58,15.0,0.0,8.7,0
B2C,3.23,2.0,0.0,6.459999999999999,0
B2B,1.54,13.0,0.05,19.02,1
B2C,1.04,9.0,0.0,9.36,0
B2C,1.4599999999999997,5.0,0.0,7.3,0
B2C,0.46,10.0,0.0,4.6,0
B2B,1.11,45.0,0.05,47.45,1
B2C,1.2,1.0,0.0,1.1999999999999997,0
B2C,37.69,8.0,0.0,301.52,0
B2B,0.84,19.0,0.05,15.16,1
B2C,3.31,2.0,0.0,6.62,0
B2B,2.64,26.0,0.05,65.21,1
B2C,0.61,10.0,0.0,6.099999999999999,0
B2B,0.91,8.0,0.1,6.55,1
B2C,0.91,2.0,0.0,1.82,0
B2C,3.21,7.000000000000001,0.0,22.47,0
B2C,1.33,6.0,0.0,7.98,0
B2C,1.31,10.0,0.0,13.1,0
B2C,1.19,8.0,0.0,9.52,0
B2C,35.52,1.0,0.0,35.52,0
B2C,2.9300000000000006,14.000000000000002,0.0,41.02,0
B2C,2.12,12.0,0.0,25.44,0
B2C,58.82,15.0,0.0,882.3000000000001,0
B2C,1.8,2.0,0.0,3.6,0
B2C,12.58,2.0,0.0,25.16,0
B2B,5.56,17.0,0.05,89.79,1
B2C,0.62,12.0,0.0,7.440000000000001,0
B2C,0.99,9.0,0.0,8.91,0
B2C,3.23,8.0,0.0,25.839999999999996,0
B2B,3.39,91.0,0.1,277.64,1
B2C,4.07,6.0,0.0,24.42,0
B2B,1.04,4.0,0.05,3.95,1
B2C,1.5099999999999998,1.0,0.0,1.51,0
B2B,1.44,91.0,0.1,117.93999999999998,1
B2C,2.21,1.0,0.0,2.21,0
B2C,3.43,3.0,0.0,10.29,0
B2C,1.99,12.0,0.0,23.879999999999995,0
B2C,3.21,2.0,0.0,6.42,0
B2C,1.04,15.0,0.0,15.6,0
B2C,0.93,4.0,0.0,3.7200000000000006,0
B2C,0.64,9.0,0.0,5.760000000000001,0
B2C,1.01,5.0,0.0,5.05,0
B2B,0.94,41.0,0.05,36.61,1
B2B,1.08,13.0,0.1,12.64,1
B2C,2.05,6.0,0.0,12.3,0
B2C,13.35,4.0,0.0,53.4,0
B2C,0.96,8.0,0.0,7.679999999999999,0
B2C,8.57,9.0,0.0,77.13,0
B2C,1.4599999999999997,1.0,0.0,1.4599999999999997,0
B2C,0.58,4.0,0.0,2.32,0
B2B,1.69,75.0,0.1,114.08,1
B2C,1.49,11.0,0.0,16.39,0
B2C,3.11,2.0,0.0,6.22,0
B2B,1.2,83.0,0.1,89.64,1
B2C,1.04,12.0,0.0,12.48,0
B2B,2.51,84.0,0.1,189.76,1
B2C,3.46,7.000000000000001,0.0,24.22,0
B2B,0.72,26.0,0.05,17.78,1
B2C,1.24,9.0,0.0,11.159999999999998,0
B2C,2.21,4.0,0.0,8.84,0
B2C,1.8,15.0,0.0,27.0,0
B2B,1.12,39.0,0.05,41.5,1
B2C,37.69,2.0,0.0,75.38,0
B2B,42.09,86.0,0.1,3257.77,1
B2B,19.92,19.0,0.05,359.56,1
B2B,11.17,2.0,0.05,21.22,1
B2C,2.13,14.000000000000002,0.0,29.820000000000004,0
B2C,3.56,12.0,0.0,42.72,0
B2C,3.23,1.0,0.0,3.2299999999999995,0
B2C,60.58,4.0,0.0,242.32,0
B2C,2.19,13.0,0.0,28.47,0
B2B,1.21,97.0,0.1,105.63,1
B2C,0.99,6.0,0.0,5.9399999999999995,0
B2C,0.99,3.0,0.0,2.9699999999999998,0
B2B,10.61,90.0,0.15,811.66,1
B2B,52.2,95.0,0.1,4463.1,1
B2B,1.07,68.0,0.1,65.48,1
B2C,5.03,8.0,0.0,40.24,0
B2C,14.26,9.0,0.0,128.34,0
B2C,1.74,7.000000000000001,0.0,12.18,0
B2B,1.49,13.0,0.05,18.4,1
B2C,0.56,9.0,0.0,5.04,0
B2B,1.4299999999999997,10.0,0.05,13.58,1
B2B,2.02,10.0,0.05,19.19,1
B2C,2.9300000000000006,13.0,0.0,38.09,0
B2C,1.4599999999999997,11.0,0.0,16.06,0
B2C,3.56,9.0,0.0,32.04,0
B2B,1.08,52.0,0.1,50.54,1
B2B,0.99,26.0,0.05,24.45,1
B2B,12.39,61.0,0.1,680.2099999999999,1
B2C,3.23,9.0,0.0,29.07,0
B2C,2.38,7.000000000000001,0.0,16.66,0
B2B,50.16,51.00000000000001,0.05,2430.25,1
B2B,21.5,23.0,0.1,445.05,1
B2B,1.02,55.0,0.05,53.3,1
B2C,4.32,3.0,0.0,12.96,0
B2C,1.07,1.0,0.0,1.07,0
B2C,3.21,14.000000000000002,0.0,44.94,0
B2B,2.4,12.0,0.05,27.36,1
B2B,1.5099999999999998,94.0,0.1,127.75000000000001,1
B2C,3.43,11.0,0.0,37.73,0
B2C,0.57,10.0,0.0,5.7,0
B2C,2.31,1.0,0.0,2.31,0
B2C,3.33,7.000000000000001,0.0,23.31,0
B2C,3.67,11.0,0.0,40.37,0
B2B,0.61,48.0,0.15,24.89,1
B2C,0.89,1.0,0.0,0.89,0
B2B,3.21,100.0,0.1,288.9,1
B2C,4.88,10.0,0.0,48.79999999999999,0
B2C,3.33,12.0,0.0,39.96000000000001,0
B2C,0.96,15.0,0.0,14.4,0
B2B,1.31,98.99999999999999,0.15,110.24,1
B2B,0.95,14.000000000000002,0.05,12.629999999999999,1
B2B,1.54,93.0,0.1,128.9,1
B2B,0.77,14.000000000000002,0.05,10.24,1
B2C,4.19,3.0,0.0,12.57,0
B2C,0.59,15.0,0.0,8.85,0
B2C,1.01,13.0,0.0,13.13,0
B2B,0.68,57.99999999999999,0.05,37.47,1
B2C,1.6099999999999999,10.0,0.0,16.1,0
B2B,43.37,64.0,0.05,2636.9,1
B2B,1.28,90.0,0.05,109.44,1
B2B,2.88,51.00000000000001,0.15,124.84999999999998,1
B2C,0.99,10.0,0.0,9.9,0
B2B,1.24,92.0,0.1,102.67,1
B2C,0.93,11.0,0.0,10.23,0
B2C,1.07,9.0,0.0,9.63,0
B2C,1.4099999999999997,3.0,0.0,4.23,0
B2C,3.46,14.000000000000002,0.0,48.44,0
B2B,3.82,87.0,0.05,315.72,1
B2C,0.91,4.0,0.0,3.64,0
B2C,3.33,7.000000000000001,0.0,23.31,0
B2C,3.43,15.0,0.0,51.45,0
B2C,0.93,4.0,0.0,3.7200000000000006,0
B2C,0.56,7.000000000000001,0.0,3.92,0
B2C,0.46,12.0,0.0,5.52,0
B2C,0.58,3.0,0.0,1.74,0
B2B,34.39,23.0,0.05,751.42,1
B2C,14.26,4.0,0.0,57.04,0
B2C,0.57,11.0,0.0,6.27,0
B2C,1.07,14.000000000000002,0.0,14.98,0
B2B,1.8199999999999998,38.0,0.1,62.239999999999995,1
B2C,0.89,8.0,0.0,7.12,0
B2B,1.5099999999999998,59.0,0.1,80.17999999999999,1
B2C,0.49,1.0,0.0,0.49,0
B2C,2.9300000000000006,11.0,0.0,32.23,0
B2C,0.93,5.0,0.0,4.65,0
B2B,2.76,93.0,0.1,231.01,1
B2C,3.12,7.000000000000001,0.0,21.84,0
B2B,1.27,69.0,0.1,78.87,1
B2B,1.9299999999999997,46.0,0.05,84.33999999999999,1
B2B,2.18,46.0,0.05,95.27,1
B2C,8.29,4.0,0.0,33.16,0
B2C,2.12,5.0,0.0,10.6,0
B2C,1.8,6.0,0.0,10.8,0
B2B,1.24,93.0,0.1,103.79000000000002,1
B2B,1.27,76.0,0.05,91.69,1
B2C,1.9799999999999998,5.0,0.0,9.9,0
B2C,50.25,5.0,0.0,251.25,0
B2C,48.79,1.0,0.0,48.79,0
B2C,0.91,12.0,0.0,10.92,0
B2C,3.56,2.0,0.0,7.12,0
B2C,0.89,13.0,0.0,11.57,0
B2C,1.7099999999999997,12.0,0.0,20.52,0
B2C,1.4599999999999997,10.0,0.0,14.6,0
B2C,3.21,4.0,0.0,12.84,0
B2C,1.8799999999999997,8.0,0.0,15.04,0
B2C,1.59,12.0,0.0,19.08,0
B2C,2.22,9.0,0.0,19.980000000000004,0
B2B,29.41,31.0,0.1,820.54,1
B2C,0.99,12.0,0.0,11.879999999999999,0
B2B,0.6,14.000000000000002,0.05,7.98,1
B2B,14.03,80.0,0.1,1010.16,1
B2B,2.52,6.0,0.05,14.36,1
B2C,1.23,15.0,0.0,18.45,0
B2B,2.48,2.0,0.1,4.46,1
B2C,2.45,13.0,0.0,31.85,0
B2C,3.46,1.0,0.0,3.46,0
B2C,1.23,1.0,0.0,1.23,0
B2B,1.7599999999999998,38.0,0.1,60.19,1
B2C,2.12,1.0,0.0,2.12,0
B2B,4.09,81.0,0.1,298.16,1
B2B,1.31,24.0,0.15,26.72,1
B2B,2.2,22.0,0.05,45.98,1
B2B,23.95,54.0,0.05,1228.64,1
B2C,3.02,14.000000000000002,0.0,42.28,0
B2B,3.65,42.0,0.05,145.64,1
B2C,0.47,1.0,0.0,0.47,0
B2C,0.91,9.0,0.0,8.19,0
B2B,0.74,62.0,0.05,43.59,1
B2B,0.56,16.0,0.1,8.06,1
B2C,0.58,15.0,0.0,8.7,0
B2C,1.9199999999999997,9.0,0.0,17.28,0
B2C,33.6,12.0,0.0,403.2,0
B2B,2.6,60.0,0.05,148.2,1
B2C,2.28,1.0,0.0,2.28,0
B2C,4.19,8.0,0.0,33.52,0
B2C,3.67,11.0,0.0,40.37,0
B2C,2.27,3.0,0.0,6.81,0
B2C,2.05,14.000000000000002,0.0,28.7,0
B2C,1.69,13.0,0.0,21.97,0
B2B,0.79,40.0,0.05,30.02,1
B2B,2.62,12.0,0.05,29.87,1
B2C,2.38,8.0,0.0,19.04,0
B2C,4.32,11.0,0.0,47.519999999999996,0
B2C,37.69,8.0,0.0,301.52,0
B2C,1.01,13.0,0.0,13.13,0
B2B,1.01,79.0,0.1,71.81,1
B2C,1.8599999999999999,9.0,0.0,16.74,0
B2C,0.61,8.0,0.0,4.88,0
B2C,0.91,11.0,0.0,10.01,0
B2C,1.37,5.0,0.0,6.849999999999999,0
B2B,1.33,57.99999999999999,0.1,69.43,1
B2C,1.23,4.0,0.0,4.92,0
B2B,1.28,26.0,0.05,31.62,1
B2B,16.01,27.0,0.05,410.66,1
B2B,3.48,13.0,0.05,42.98,1
B2C,1.4599999999999997,9.0,0.0,13.14,0
B2C,1.04,8.0,0.0,8.32,0
B2C,2.21,8.0,0.0,17.68,0
B2B,1.79,17.0,0.1,27.39,1
B2B,0.69,39.0,0.05,25.56,1
B2B,1.9399999999999997,87.0,0.1,151.9,1
B2C,3.31,14.000000000000002,0.0,46.339999999999996,0
B2C,0.99,10.0,0.0,9.9,0
B2C,1.66,13.0,0.0,21.58,0
B2C,8.83,9.0,0.0,79.47,0
B2C,1.49,1.0,0.0,1.49,0
B2C,1.3799999999999997,4.0,0.0,5.52,0
B2B,2.25,38.0,0.1,76.95,1
B2C,0.96,4.0,0.0,3.8399999999999994,0
B2C,50.25,14.000000000000002,0.0,703.5,0
B2B,1.13,19.0,0.05,20.4,1
B2B,3.03,90.0,0.15,231.80000000000004,1
B2B,1.4699999999999998,84.0,0.1,111.13,1
B2C,1.3799999999999997,8.0,0.0,11.04,0
B2C,2.27,5.0,0.0,11.35,0
B2C,1.12,8.0,0.0,8.96,0
B2B,1.23,57.99999999999999,0.1,64.21,1
B2C,1.4599999999999997,3.0,0.0,4.38,0
B2C,0.46,10.0,0.0,4.6,0
B2C,3.31,5.0,0.0,16.55,0
B2B,3.1,87.0,0.05,256.21,1
B2B,1.84,40.0,0.05,69.92,1
B2B,10.57,89.0,0.1,846.66,1
B2B,2.63,51.00000000000001,0.1,120.72,1
B2B,0.67,61.0,0.05,38.83,1
B2C,3.11,14.000000000000002,0.0,43.54,0
B2C,50.25,2.0,0.0,100.50000000000001,0
B2C,1.49,1.0,0.0,1.49,0
B2B,3.39,68.0,0.1,207.47,1
B2C,1.23,2.0,0.0,2.46,0
B2C,0.96,2.0,0.0,1.9199999999999997,0
B2C,1.9199999999999997,5.0,0.0,9.6,0
B2B,1.33,5.0,0.05,6.32,1
B2C,3.21,11.0,0.0,35.31,0
B2B,3.03,31.0,0.15,79.84,1
B2C,2.34,13.0,0.0,30.42,0
B2C,3.46,11.0,0.0,38.06,0
B2B,1.17,57.0,0.1,60.02,1
B2B,2.61,18.0,0.1,42.28,1
B2C,3.23,2.0,0.0,6.459999999999999,0
B2B,3.28,65.0,0.1,191.88,1
B2B,1.32,4.0,0.1,4.75,1
B2B,19.27,47.0,0.15,769.8400000000001,1
B2C,1.07,2.0,0.0,2.14,0
B2C,1.58,6.0,0.0,9.48,0
B2B,1.7099999999999997,22.0,0.05,35.74,1
B2C,8.83,11.0,0.0,97.13,0
B2C,0.58,4.0,0.0,2.32,0
B2C,3.31,12.0,0.0,39.72,0
B2C,1.69,9.0,0.0,15.21,0
B2C,2.19,5.0,0.0,10.95,0
B2B,1.83,22.0,0.05,38.25,1
B2C,0.57,13.0,0.0,7.41,0
B2B,2.9300000000000006,54.0,0.05,150.31,1
B2C,3.02,6.0,0.0,18.12,0
B2C,0.58,8.0,0.0,4.64,0
B2C,3.21,3.0,0.0,9.63,0
B2B,44.3,14.000000000000002,0.05,589.19,1
B2B,2.7,70.0,0.15,160.65,1
B2C,1.8,2.0,0.0,3.6,0
B2C,1.9799999999999998,9.0,0.0,17.82,0
B2C,2.22,15.0,0.0,33.3,0
B2B,1.75,22.0,0.1,34.65,1
B2B,1.14,67.0,0.05,72.56,1
B2C,3.43,1.0,0.0,3.43,0
B2C,2.21,4.0,0.0,8.84,0
B2C,0.61,3.0,0.0,1.83,0
B2C,1.59,10.0,0.0,15.9,0
B2B,3.29,23.0,0.05,71.89,1
B2C,1.75,12.0,0.0,21.0,0
B2C,1.04,1.0,0.0,1.04,0
B2C,1.8799999999999997,6.0,0.0,11.28,0
B2C,0.99,7.000000000000001,0.0,6.93,0
B2C,68.53,4.0,0.0,274.12,0
B2C,51.76,5.0,0.0,258.8,0
B2C,1.69,9.0,0.0,15.21,0
B2B,1.5499999999999998,61.0,0.05,89.82,1
B2B,3.21,11.0,0.05,33.54,1
B2C,1.54,2.0,0.0,3.08,0
B2C,0.49,11.0,0.0,5.39,0
B2C,0.56,10.0,0.0,5.6,0
B2C,3.21,13.0,0.0,41.73,0
B2C,0.49,3.0,0.0,1.47,0
B2C,8.29,2.0,0.0,16.58,0
B2C,3.43,9.0,0.0,30.87,0
B2B,0.42,37.0,0.05,14.76,1
B2C,1.59,9.0,0.0,14.31,0
B2C,1.4199999999999997,13.0,0.0,18.46,0
B2B,7.82,33.0,0.05,245.16,1
B2B,61.95,40.0,0.05,2354.1,1
B2C,4.35,13.0,0.0,56.55,0
B2C,1.64,7.000000000000001,0.0,11.48,0
B2C,1.6099999999999999,11.0,0.0,17.71,0
B2C,1.01,11.0,0.0,11.11,0
B2B,1.74,7.000000000000001,0.05,11.57,1
B2C,0.59,12.0,0.0,7.080000000000001,0
B2B,2.6,87.0,0.05,214.88999999999996,1
B2C,13.44,14.000000000000002,0.0,188.16,0
B2B,14.77,37.0,0.05,519.17,1
B2C,0.89,1.0,0.0,0.89,0
B2C,0.56,12.0,0.0,6.719999999999999,0
B2C,0.57,12.0,0.0,6.84,0
B2B,14.31,96.0,0.1,1236.38,1
B2B,0.87,13.0,0.05,10.740000000000002,1
B2C,2.05,6.0,0.0,12.3,0
B2C,0.99,12.0,0.0,11.879999999999999,0
B2C,1.33,9.0,0.0,11.97,0
B2B,1.39,70.0,0.1,87.57000000000001,1
B2B,1.15,23.0,0.05,25.13,1
B2C,0.93,2.0,0.0,1.8600000000000003,0
B2C,3.43,13.0,0.0,44.59,0
B2C,4.88,15.0,0.0,73.2,0
B2C,1.58,13.0,0.0,20.54,0
B2C,1.54,11.0,0.0,16.94,0
B2C,1.5099999999999998,12.0,0.0,18.12,0
B2C,2.9300000000000006,15.0,0.0,43.95,0
B2C,0.56,2.0,0.0,1.12,0
B2C,2.34,15.0,0.0,35.1,0
B2B,0.8,74.0,0.15,50.32,1
B2C,34.61,3.0,0.0,103.83,0
B2C,0.58,13.0,0.0,7.54,0
B2C,2.9300000000000006,9.0,0.0,26.370000000000005,0
B2C,1.64,14.000000000000002,0.0,22.96,0
B2C,0.99,6.0,0.0,5.9399999999999995,0
B2B,1.79,17.0,0.05,28.910000000000004,1
B2C,1.99,8.0,0.0,15.920000000000002,0
B2B,20.28,10.0,0.05,192.66,1
B2B,2.07,12.0,0.05,23.6,1
B2B,5.18,10.0,0.05,49.21000000000001,1
B2C,1.4599999999999997,10.0,0.0,14.6,0
B2B,3.98,98.0,0.15,331.53,1
B2B,2.98,1.0,0.1,2.68,1
B2C,58.82,10.0,0.0,588.2,0
B2B,1.31,63.00000000000001,0.1,74.28,1
B2B,1.06,83.0,0.1,79.18,1
B2B,1.9399999999999997,48.0,0.05,88.45999999999998,1
B2C,1.4199999999999997,2.0,0.0,2.84,0
B2C,3.11,8.0,0.0,24.88,0
B2B,13.32,31.0,0.05,392.27,1
B2C,3.23,8.0,0.0,25.839999999999996,0
B2B,1.45,65.0,0.1,84.81999999999998,1
B2C,1.18,5.0,0.0,5.9,0
B2C,2.19,10.0,0.0,21.9,0
B2B,1.5599999999999998,95.0,0.1,133.38,1
B2B,1.19,77.0,0.1,82.47,1
B2C,0.99,2.0,0.0,1.98,0
B2B,1.02,78.0,0.1,71.6,1
B2B,1.25,55.0,0.1,61.88,1
B2C,1.19,12.0,0.0,14.28,0
B2B,1.69,82.0,0.1,124.71999999999998,1
B2B,2.38,92.0,0.15,186.12,1
B2B,0.95,10.0,0.05,9.02,1
B2B,0.84,22.0,0.1,16.63,1
B2C,0.56,15.0,0.0,8.4,0
B2C,1.69,5.0,0.0,8.45,0
B2B,1.1,52.99999999999999,0.1,52.470000000000006,1
B2C,13.44,11.0,0.0,147.84,0
B2C,58.82,14.000000000000002,0.0,823.4800000000001,0
B2B,0.99,89.0,0.15,74.89,1
B2B,69.79,75.0,0.15,4449.11,1
B2C,0.96,1.0,0.0,0.9599999999999999,0
B2B,0.94,71.0,0.1,60.07,1
B2C,2.22,6.0,0.0,13.32,0
B2C,1.59,11.0,0.0,17.49,0
B2C,12.58,1.0,0.0,12.58,0
B2C,0.96,7.000000000000001,0.0,6.719999999999999,0
B2B,87.48,60.0,0.1,4723.92,1
B2B,3.26,94.0,0.1,275.8,1
B2C,35.65,8.0,0.0,285.2,0
B2C,0.57,14.000000000000002,0.0,7.98,0
B2C,2.35,9.0,0.0,21.15,0
B2B,1.0,37.0,0.1,33.3,1
B2C,1.12,15.0,0.0,16.8,0
B2C,0.96,8.0,0.0,7.679999999999999,0
B2C,51.76,15.0,0.0,776.4,0
B2C,34.61,3.0,0.0,103.83,0
B2C,1.24,12.0,0.0,14.880000000000003,0
B2C,0.47,4.0,0.0,1.88,0
B2C,0.96,14.000000000000002,0.0,13.439999999999998,0
B2C,3.31,5.0,0.0,16.55,0
B2C,1.04,2.0,0.0,2.08,0
B2B,1.59,24.0,0.05,36.25,1
B2C,58.82,11.0,0.0,647.02,0
B2C,1.31,1.0,0.0,1.3100000000000003,0
B2B,0.4,41.0,0.05,15.58,1
B2C,1.07,7.000000000000001,0.0,7.49,0
B2C,3.67,2.0,0.0,7.340000000000001,0
B2C,1.5099999999999998,6.0,0.0,9.06,0
B2C,8.54,1.0,0.0,8.54,0
B2C,2.31,7.000000000000001,0.0,16.17,0
B2C,3.12,6.0,0.0,18.72,0
B2C,1.3799999999999997,7.000000000000001,0.0,9.66,0
B2C,2.12,11.0,0.0,23.32,0
B2C,3.11,8.0,0.0,24.88,0
B2B,1.4,74.0,0.1,93.24,1
B2C,1.99,10.0,0.0,19.899999999999995,0
B2C,2.13,14.000000000000002,0.0,29.820000000000004,0
B2C,109.19,12.0,0.0,1310.28,0
B2C,0.61,15.0,0.0,9.15,0
B2B,0.38,3.0,0.05,1.08,1
B2C,2.31,11.0,0.0,25.41,0
B2C,0.96,15.0,0.0,14.4,0
B2C,0.86,9.0,0.0,7.74,0
B2B,0.57,47.0,0.1,24.11,1
B2C,1.07,9.0,0.0,9.63,0
B2C,3.21,8.0,0.0,25.68,0
B2C,2.35,10.0,0.0,23.500000000000004,0
B2B,0.64,5.0,0.05,3.04,1
B2C,2.35,4.0,0.0,9.4,0
B2C,1.75,2.0,0.0,3.5,0
B2C,0.61,10.0,0.0,6.099999999999999,0
B2B,2.03,20.0,0.15,34.51,1
B2C,13.35,15.0,0.0,200.25,0
B2B,0.7500000000000001,17.0,0.1,11.48,1
B2B,1.26,96.0,0.15,102.82000000000001,1
B2C,1.8599999999999999,2.0,0.0,3.7200000000000006,0
B2C,0.96,5.0,0.0,4.8,0
B2B,0.98,75.0,0.1,66.15,1
B2C,0.56,2.0,0.0,1.12,0
B2B,2.11,86.0,0.1,163.31,1
B2B,0.8,98.99999999999999,0.1,71.28,1
B2C,4.32,10.0,0.0,43.2,0
B2C,12.58,15.0,0.0,188.69999999999996,0
B2B,3.33,46.0,0.05,145.52,1
B2B,0.81,87.0,0.1,63.42000000000001,1
B2C,2.11,10.0,0.0,21.1,0
B2C,3.21,10.0,0.0,32.1,0
B2B,2.16,98.0,0.1,190.51,1
B2C,0.46,5.0,0.0,2.3,0
B2C,1.07,7.000000000000001,0.0,7.49,0
B2C,1.8,8.0,0.0,14.4,0
B2C,0.99,13.0,0.0,12.87,0
B2C,2.22,2.0,0.0,4.44,0
B2C,1.27,3.0,0.0,3.81,0
B2B,3.35,57.99999999999999,0.1,174.87,1
B2C,0.96,9.0,0.0,8.64,0
B2C,1.08,3.0,0.0,3.24,0
B2C,1.02,10.0,0.0,10.2,0
B2C,1.49,13.0,0.0,19.37,0
B2C,1.64,8.0,0.0,13.12,0
B2C,1.8799999999999997,11.0,0.0,20.68,0
B2B,0.76,33.0,0.05,23.83,1
B2C,1.8599999999999999,9.0,0.0,16.74,0
B2B,2.79,20.0,0.05,53.01,1
B2C,1.75,15.0,0.0,26.25,0
B2C,3.02,6.0,0.0,18.12,0
B2B,3.73,97.0,0.1,325.63,1
B2B,1.59,19.0,0.05,28.7,1
B2C,34.61,14.000000000000002,0.0,484.54,0
B2C,37.69,14.000000000000002,0.0,527.66,0
B2C,1.6099999999999999,9.0,0.0,14.49,0
B2C,50.25,14.000000000000002,0.0,703.5,0
B2B,1.8,83.0,0.15,126.99,1
B2C,0.55,9.0,0.0,4.95,0
B2C,3.33,4.0,0.0,13.32,0
B2B,113.49,98.99999999999999,0.1,10111.96,1
B2B,2.78,93.0,0.15,219.76000000000002,1
B2B,1.0,9.0,0.1,8.1,1
B2B,0.91,25.0,0.05,21.61,1
B2C,3.46,14.000000000000002,0.0,48.44,0
B2B,48.18,66.0,0.05,3020.89,1
B2C,1.23,6.0,0.0,7.38,0
B2B,1.3499999999999999,96.0,0.15,110.16,1
B2C,2.05,14.000000000000002,0.0,28.7,0
B2B,4.39,84.0,0.1,331.88,1
B2C,3.12,8.0,0.0,24.96,0
B2B,0.87,21.0,0.05,17.36,1
B2C,0.96,2.0,0.0,1.9199999999999997,0
B2C,1.53,3.0,0.0,4.59,0
B2C,0.96,1.0,0.0,0.9599999999999999,0
B2C,3.11,7.000000000000001,0.0,21.77,0
B2C,3.21,12.0,0.0,38.52,0
B2B,1.83,79.0,0.1,130.11,1
B2B,1.64,89.0,0.15,124.07000000000001,1
B2C,2.26,7.000000000000001,0.0,15.819999999999999,0
B2C,2.13,2.0,0.0,4.26,0
B2C,1.16,3.0,0.0,3.48,0
B2B,2.9300000000000006,73.0,0.1,192.5,1
B2C,3.31,15.0,0.0,49.65,0
B2C,3.33,1.0,0.0,3.33,0
B2C,1.99,11.0,0.0,21.89,0
B2C,2.31,5.0,0.0,11.55,0
B2B,1.06,76.0,0.05,76.53,1
B2C,1.02,4.0,0.0,4.08,0
B2B,1.7099999999999997,23.0,0.1,35.4,1
B2B,0.4,28.999999999999996,0.05,11.02,1
B2C,4.32,8.0,0.0,34.56,0
B2C,2.45,3.0,0.0,7.35,0
B2B,2.1,57.0,0.1,107.73,1
B2C,1.9399999999999997,8.0,0.0,15.52,0
B2C,0.89,11.0,0.0,9.79,0
B2B,2.54,93.0,0.1,212.6,1
B2C,4.48,13.0,0.0,58.24,0
B2C,13.35,11.0,0.0,146.85,0
B2B,0.61,13.0,0.1,7.14,1
B2B,1.19,90.0,0.1,96.39,1
B2C,0.49,9.0,0.0,4.41,0
B2B,1.59,46.0,0.05,69.48,1
B2C,35.65,14.000000000000002,0.0,499.1,0
B2C,2.19,10.0,0.0,21.9,0
B2C,1.6099999999999999,7.000000000000001,0.0,11.27,0
B2B,0.93,15.0,0.1,12.56,1
B2C,0.89,7.000000000000001,0.0,6.23,0
B2B,31.08,30.0,0.1,839.16,1
B2C,3.67,9.0,0.0,33.03,0
B2C,1.66,14.000000000000002,0.0,23.24,0
B2B,1.0,84.0,0.1,75.6,1
B2C,2.35,7.000000000000001,0.0,16.45,0
B2C,0.96,12.0,0.0,11.520000000000001,0
B2C,1.3799999999999997,10.0,0.0,13.799999999999999,0
B2C,1.9399999999999997,3.0,0.0,5.82,0
B2C,1.01,11.0,0.0,11.11,0
B2C,1.2,13.0,0.0,15.6,0
B2C,1.14,6.0,0.0,6.84,0
B2C,3.33,10.0,0.0,33.3,0
B2C,0.55,11.0,0.0,6.05,0
B2C,1.24,4.0,0.0,4.959999999999999,0
B2C,1.1,9.0,0.0,9.9,0
B2B,6.28,84.0,0.1,474.77,1
B2B,1.5000000000000002,91.0,0.1,122.85,1
B2B,0.83,41.0,0.05,32.33,1
B2C,3.11,15.0,0.0,46.65,0
B2B,95.83,64.0,0.1,5519.81,1
B2C,1.18,3.0,0.0,3.5400000000000005,0
B2B,1.57,46.0,0.05,68.61,1
B2B,0.37,59.0,0.1,19.65,1
B2C,1.58,9.0,0.0,14.22,0
B2B,0.7500000000000001,2.0,0.05,1.42,1
B2B,2.82,16.0,0.05,42.86,1
B2C,1.07,14.000000000000002,0.0,14.98,0
B2C,3.12,12.0,0.0,37.44,0
B2C,3.11,15.0,0.0,46.65,0
B2C,1.99,8.0,0.0,15.920000000000002,0
B2C,1.16,3.0,0.0,3.48,0
B2B,0.42,5.0,0.05,2.0,1
B2B,19.34,12.0,0.05,220.48,1
B2C,8.05,2.0,0.0,16.1,0
B2C,1.16,6.0,0.0,6.96,0
B2C,1.64,6.0,0.0,9.84,0
B2B,0.56,41.0,0.1,20.66,1
B2C,0.46,13.0,0.0,5.98,0
B2C,3.02,11.0,0.0,33.22,0
B2C,3.12,6.0,0.0,18.72,0
B2B,2.27,85.0,0.1,173.66,1
B2C,1.26,7.000000000000001,0.0,8.82,0
B2C,3.11,8.0,0.0,24.88,0
B2C,1.4599999999999997,13.0,0.0,18.98,0
B2B,1.9799999999999998,39.0,0.05,73.36,1
B2C,9.09,14.000000000000002,0.0,127.26,0
B2B,2.97,57.99999999999999,0.05,163.65,1
B2B,1.23,21.0,0.05,24.540000000000003,1
B2B,0.91,7.000000000000001,0.15,5.41,1
B2C,1.04,8.0,0.0,8.32,0
B2C,0.99,12.0,0.0,11.879999999999999,0
B2B,1.8899999999999997,39.0,0.05,70.02,1
B2C,1.01,7.000000000000001,0.0,7.07,0
B2C,2.31,7.000000000000001,0.0,16.17,0
B2B,5.01,19.0,0.05,90.43,1
B2B,0.76,57.99999999999999,0.05,41.88,1
B2C,1.64,3.0,0.0,4.92,0
B2B,1.9199999999999997,72.0,0.1,124.42,1
B2B,1.21,50.0,0.05,57.47,1
B2C,112.46,10.0,0.0,1124.6,0
B2C,3.21,12.0,0.0,38.52,0
B2B,3.09,79.0,0.1,219.7,1
B2B,3.14,56.00000000000001,0.1,158.26,1
B2C,1.59,1.0,0.0,1.59,0
B2C,2.12,14.000000000000002,0.0,29.679999999999996,0
B2B,2.82,50.0,0.1,126.9,1
B2C,0.86,7.000000000000001,0.0,6.0200000000000005,0
B2C,0.96,13.0,0.0,12.48,0
B2C,1.75,5.0,0.0,8.75,0
B2B,2.89,21.0,0.05,57.65999999999999,1
B2B,1.59,67.0,0.1,95.88,1
B2C,1.75,10.0,0.0,17.5,0
B2B,2.89,28.999999999999996,0.1,75.43,1
B2C,2.26,3.0,0.0,6.78,0
B2C,1.16,4.0,0.0,4.64,0
B2C,1.99,6.0,0.0,11.939999999999998,0
B2C,112.46,5.0,0.0,562.3,0
B2B,2.6,80.0,0.15,176.8,1
B2C,0.93,2.0,0.0,1.8600000000000003,0
B2B,30.64,38.0,0.05,1106.1,1
B2C,1.7099999999999997,1.0,0.0,1.71,0
B2C,2.9300000000000006,4.0,0.0,11.720000000000002,0
B2B,2.06,62.0,0.1,114.95,1
B2C,1.12,3.0,0.0,3.3599999999999994,0
B2B,1.6299999999999997,90.0,0.1,132.03,1
B2C,0.63,3.0,0.0,1.89,0
B2B,45.95,65.0,0.1,2688.08,1
B2C,2.31,7.000000000000001,0.0,16.17,0
B2C,1.37,5.0,0.0,6.849999999999999,0
B2C,2.9300000000000006,3.0,0.0,8.79,0
B2C,0.63,14.000000000000002,0.0,8.82,0
B2B,52.6,39.0,0.05,1948.83,1
B2C,3.31,15.0,0.0,49.65,0
B2C,3.11,7.000000000000001,0.0,21.77,0
B2B,0.92,3.0,0.05,2.6200000000000006,1
B2C,2.45,13.0,0.0,31.85,0
B2B,6.41,21.0,0.05,127.88,1
B2B,0.49,43.0,0.05,20.02,1
B2C,1.69,9.0,0.0,15.21,0
B2B,3.0000000000000004,2.0,0.05,5.7,1
B2C,2.13,5.0,0.0,10.65,0
B2C,35.52,5.0,0.0,177.6,0
B2B,1.9,15.0,0.05,27.08,1
B2C,1.01,7.000000000000001,0.0,7.07,0
B2B,0.68,54.0,0.1,33.05,1
B2C,1.6099999999999999,13.0,0.0,20.93,0
B2C,1.58,14.000000000000002,0.0,22.12,0
B2C,0.46,12.0,0.0,5.52,0
B2B,0.72,16.0,0.05,10.94,1
B2B,2.65,70.0,0.05,176.21999999999997,1
B2C,3.43,4.0,0.0,13.72,0
B2B,0.92,11.0,0.05,9.61,1
B2C,0.59,10.0,0.0,5.9,0
B2C,1.31,4.0,0.0,5.240000000000001,0
B2C,1.05,1.0,0.0,1.05,0
B2B,1.9699999999999998,40.0,0.05,74.86,1
B2C,0.46,1.0,0.0,0.46,0
B2B,2.27,15.0,0.05,32.35,1
B2B,0.57,12.0,0.05,6.5,1
B2C,4.48,14.000000000000002,0.0,62.72,0
B2C,0.55,8.0,0.0,4.4,0
B2C,50.25,1.0,0.0,50.25000000000001,0
B2C,2.13,11.0,0.0,23.430000000000003,0
B2B,1.5999999999999999,93.0,0.1,133.92,1
B2C,3.43,12.0,0.0,41.16,0
B2C,1.19,3.0,0.0,3.57,0
B2C,1.21,3.0,0.0,3.63,0
B2B,2.07,18.0,0.1,33.53,1
B2B,1.53,93.0,0.1,128.06,1
B2B,2.31,4.0,0.05,8.78,1
B2B,52.27,88.0,0.05,4369.77,1
B2C,1.26,12.0,0.0,15.12,0
B2C,1.7099999999999997,11.0,0.0,18.81,0
B2B,1.4599999999999997,14.000000000000002,0.05,19.42,1
B2B,0.99,36.0,0.1,32.08,1
